{"content":[{"id":"40adc68f","settings":{"background_color":"#00052B","padding":{"unit":"px","top":"100","right":"0","bottom":"70","left":"0","isLinked":false},"background_image":{"id":2124,"url":"http:\/\/127.0.0.1\/wordpress\/wp-content\/uploads\/2021\/07\/Yg2MJl.jpg"},"background_position":"bottom right","background_overlay_background":"classic","background_overlay_color":"#00052B","background_overlay_opacity":{"unit":"px","size":0.5},"background_background":"classic","background_overlay_position":"center center","background_overlay_repeat":"repeat","padding_mobile":{"unit":"px","top":"60","right":"0","bottom":"60","left":"0","isLinked":false},"layout":"full_width","background_attachment":"fixed"},"elements":[{"id":"71e0cf1b","settings":{"_column_size":100,"_inline_size":null,"background_image":{"id":2106,"url":"http:\/\/127.0.0.1\/wordpress\/wp-content\/uploads\/2021\/07\/placeholder-4.png"},"background_position":"center center","background_repeat":"no-repeat","background_size":"cover","background_overlay_background":"classic","background_overlay_color":"#222222","background_overlay_opacity":{"unit":"px","size":0.85},"padding":{"unit":"px","top":"0","right":"0","bottom":"0","left":"0","isLinked":false}},"elements":[{"id":"722b7c56","settings":{"content_width":{"unit":"px","size":534}},"elements":[{"id":"2b0f5a7a","settings":{"_column_size":100,"_inline_size":null,"space_between_widgets":22,"padding_mobile":{"unit":"em","top":"1","right":"1","bottom":"1","left":"1","isLinked":true}},"elements":[{"id":"49db91c4","settings":{"title":"Contact Us","title_color":"rgba(255,255,255,0.82)","typography_typography":"custom","typography_font_family":"Karla","typography_font_size":{"unit":"px","size":16},"typography_font_weight":"700","typography_text_transform":"uppercase","typography_letter_spacing":{"unit":"px","size":1.6},"_margin":{"unit":"px","top":"0","right":"0","bottom":"0","left":"0","isLinked":false},"_padding":{"unit":"px","top":"0","right":"0","bottom":"0","left":"0","isLinked":false},"align":"center","header_size":"h5","typography_line_height":{"unit":"px","size":26}},"elements":[],"isInner":false,"widgetType":"heading","elType":"widget"},{"id":"49af6ff5","settings":{"title":"Get In Touch","title_color":"#ffffff","typography_typography":"custom","typography_font_family":"Prata","typography_font_size":{"unit":"px","size":72},"typography_font_weight":"400","typography_letter_spacing":{"unit":"px","size":0},"_padding":{"unit":"px","top":"0","right":"0","bottom":"0","left":"0","isLinked":false},"typography_line_height":{"unit":"px","size":82},"_background_image":{"id":2102,"url":"http:\/\/127.0.0.1\/wordpress\/wp-content\/uploads\/2021\/07\/placeholder.png"},"_margin":{"unit":"px","top":"0","right":"0","bottom":"0","left":"0","isLinked":false},"align":"center","typography_font_size_tablet":{"unit":"px","size":52},"typography_font_size_mobile":{"unit":"px","size":40},"typography_line_height_mobile":{"unit":"px","size":50}},"elements":[],"isInner":false,"widgetType":"heading","elType":"widget"},{"id":"1b9756e2","settings":{"editor":"<p>We are here to help you 7 days a week and respond within 24 hours. Plus, you can find most answers to your questions right on FAQ page.<\/p>","text_color":"rgba(255,255,255,0.82)","typography_typography":"custom","typography_font_family":"Hind","typography_font_size":{"unit":"px","size":15},"typography_font_weight":"400","typography_line_height":{"unit":"px","size":26},"align":"center"},"elements":[],"isInner":false,"widgetType":"text-editor","elType":"widget"}],"isInner":true,"elType":"column"}],"isInner":true,"elType":"section"},{"id":"355b446d","settings":{"space":{"unit":"px","size":30}},"elements":[],"isInner":false,"widgetType":"spacer","elType":"widget"},{"id":"6a9841d8","settings":{"gap":"wider","content_position":"top","structure":"20"},"elements":[{"id":"56e4bb14","settings":{"_column_size":50,"_inline_size":30.614,"_inline_size_tablet":40,"padding_tablet":{"unit":"em","top":"2","right":"2","bottom":"2","left":"2","isLinked":true},"content_position":"top"},"elements":[{"id":"3d1d1b7a","settings":{"title":"General Inquiries\u200b","title_color":"#ffffff","typography_typography":"custom","typography_font_family":"Prata","typography_font_size":{"unit":"px","size":30},"typography_font_weight":"400","typography_letter_spacing":{"unit":"px","size":0},"_padding":{"unit":"px","top":"10","right":"0","bottom":"0","left":"0","isLinked":false},"typography_line_height":{"unit":"px","size":40},"_background_image":{"id":2103,"url":"http:\/\/127.0.0.1\/wordpress\/wp-content\/uploads\/2021\/07\/placeholder-1.png"},"_margin":{"unit":"px","top":"0","right":"0","bottom":"0","left":"0","isLinked":false},"typography_font_size_tablet":{"unit":"px","size":24},"header_size":"h3","align_mobile":"center","typography_line_height_tablet":{"unit":"px","size":30}},"elements":[],"isInner":false,"widgetType":"heading","elType":"widget"},{"id":"2064b8f5","settings":{"editor":"<p><b>46 Mishra Niwas, Kishan Nagar-2, Road-16, Wagle Industrial Estate, Mumbai, Maharashtra, India 4000503<\/b><\/p><p>+91 6783974783<\/p><p>info@gamingestate.com<\/p>","text_color":"rgba(255,255,255,0.82)","typography_typography":"custom","typography_font_family":"Hind","typography_font_size":{"unit":"px","size":15},"typography_font_weight":"400","typography_line_height":{"unit":"px","size":26},"align_mobile":"center"},"elements":[],"isInner":false,"widgetType":"text-editor","elType":"widget"},{"id":"a3cf44a","settings":{"title":"Press & Media","title_color":"#ffffff","typography_typography":"custom","typography_font_family":"Prata","typography_font_size":{"unit":"px","size":26},"typography_font_weight":"400","typography_letter_spacing":{"unit":"px","size":0},"_padding":{"unit":"px","top":"0","right":"0","bottom":"0","left":"0","isLinked":false},"typography_line_height":{"unit":"px","size":36},"_background_image":{"id":2104,"url":"http:\/\/127.0.0.1\/wordpress\/wp-content\/uploads\/2021\/07\/placeholder-2.png"},"_margin":{"unit":"px","top":"0","right":"0","bottom":"0","left":"0","isLinked":false},"typography_font_size_tablet":{"unit":"px","size":24},"header_size":"h3","align_mobile":"center","typography_line_height_tablet":{"unit":"px","size":30}},"elements":[],"isInner":false,"widgetType":"heading","elType":"widget"},{"id":"2cace0c7","settings":{"editor":"<p>Please contact our PR team at:<br \/>press@gamingestate.com<\/p>","text_color":"rgba(255,255,255,0.82)","typography_typography":"custom","typography_font_family":"Hind","typography_font_size":{"unit":"px","size":15},"typography_font_weight":"400","typography_line_height":{"unit":"px","size":26},"align_mobile":"center"},"elements":[],"isInner":false,"widgetType":"text-editor","elType":"widget"},{"id":"21a237a8","settings":{"title":"Got Questions?","title_color":"#ffffff","typography_typography":"custom","typography_font_family":"Prata","typography_font_size":{"unit":"px","size":26},"typography_font_weight":"400","typography_letter_spacing":{"unit":"px","size":0},"_padding":{"unit":"px","top":"0","right":"0","bottom":"0","left":"0","isLinked":false},"typography_line_height":{"unit":"px","size":36},"_background_image":{"id":2105,"url":"http:\/\/127.0.0.1\/wordpress\/wp-content\/uploads\/2021\/07\/placeholder-3.png"},"_margin":{"unit":"px","top":"0","right":"0","bottom":"0","left":"0","isLinked":false},"typography_font_size_tablet":{"unit":"px","size":24},"header_size":"h3","align_mobile":"center","typography_line_height_tablet":{"unit":"px","size":30}},"elements":[],"isInner":false,"widgetType":"heading","elType":"widget"},{"id":"2dd73e28","settings":{"social_icon_list":[{"social":"fa fa-facebook","_id":"b0a5f71"},{"social":"fa fa-twitter","_id":"c6063b8"},{"social":"fa fa-google-plus","_id":"5a0f568"},{"social":"fa fa-pinterest","_id":"eb5174d"},{"social":"fa fa-envelope","_id":"ec877e9"}],"icon_color":"custom","icon_primary_color":"rgba(99,115,129,0)","icon_secondary_color":"#ffffff","icon_size":{"unit":"px","size":15},"icon_padding":{"unit":"em","size":0},"icon_spacing":{"unit":"px","size":13},"border_radius":{"unit":"px","top":"0","right":"0","bottom":"0","left":"0","isLinked":true},"hover_primary_color":"rgba(0,0,0,0)","hover_secondary_color":"#637381","hover_animation":"float","_padding":{"unit":"px","top":"10","right":"0","bottom":"10","left":"0","isLinked":false},"align":"","align_mobile":"center"},"elements":[],"isInner":false,"widgetType":"social-icons","elType":"widget"}],"isInner":true,"elType":"column"},{"id":"3e15021f","settings":{"_column_size":50,"_inline_size":69.386,"padding":{"unit":"px","top":"20","right":"0","bottom":"30","left":"30","isLinked":false},"_inline_size_tablet":60,"padding_mobile":{"unit":"px","top":"20","right":"20","bottom":"20","left":"20","isLinked":true},"content_position":"center"},"elements":[{"id":"5bbf2a31","settings":{"address":"India","zoom":{"unit":"px","size":6},"height":{"unit":"px","size":440},"css_filters_css_filter":"custom","css_filters_saturate":{"unit":"px","size":0},"css_filters_hover_css_filter":"custom","hover_transition":{"unit":"px","size":1},"height_mobile":{"unit":"px","size":350}},"elements":[],"isInner":false,"widgetType":"google_maps","elType":"widget"}],"isInner":true,"elType":"column"}],"isInner":true,"elType":"section"}],"isInner":false,"elType":"column"}],"isInner":false,"elType":"section"}],"settings":{"template":"default","astra_sites_main_color":"#004de5","astra_sites_heading_base_color":"#2f3f50","astra_sites_link_color":"#4a80ec","astra_sites_link_hover_color":"#004de5","astra_sites_text_color":"#3a3a3a","astra_sites_body_typography":"custom","astra_sites_body_font_size":{"unit":"px","size":16},"astra_sites_body_font_family":"Lato","astra_sites_body_font_weight":"400","astra_sites_heading_1_typography":"custom","astra_sites_heading_1_font_size":{"unit":"px","size":48},"astra_sites_heading_1_font_size_mobile":{"unit":"px","size":22},"astra_sites_heading_1_line_height":{"unit":"em","size":1.2},"astra_sites_heading_1_font_family":"'Roboto'","astra_sites_heading_1_font_weight":"700","astra_sites_heading_2_typography":"custom","astra_sites_heading_2_font_size":{"unit":"px","size":35},"astra_sites_heading_2_line_height":{"unit":"em","size":1.2},"astra_sites_heading_2_font_family":"'Roboto'","astra_sites_heading_2_font_weight":"500","astra_sites_heading_3_typography":"custom","astra_sites_heading_3_font_size":{"unit":"px","size":20},"astra_sites_heading_3_font_family":"'Roboto'","astra_sites_heading_3_font_weight":"700","astra_sites_heading_4_typography":"custom","astra_sites_heading_4_font_size":{"unit":"px","size":18},"astra_sites_default_heading_font_family":"'Lato', sans-serif","astra_sites_heading_4_font_family":"'Lato'","astra_sites_heading_4_font_weight":"400","astra_sites_heading_5_typography":"custom","astra_sites_heading_5_font_size":{"unit":"px","size":16},"astra_sites_heading_5_font_family":"'Lato'","astra_sites_heading_5_font_weight":"400","astra_sites_heading_6_typography":"custom","astra_sites_heading_6_font_size":{"unit":"px","size":14},"astra_sites_heading_6_font_family":"'Lato'","astra_sites_heading_6_font_weight":"400","astra_sites_page_setting_enable":""}}