{"content":[{"id":"17337c90","settings":{"background_background":"classic","background_color":"#00052B","background_image":{"url":"http:\/\/127.0.0.1\/wordpress\/wp-content\/uploads\/2021\/07\/pattern1.jpg","id":1760},"background_position":"bottom right","background_attachment":"fixed","background_overlay_background":"classic","background_overlay_color":"#00052B"},"elements":[{"id":"1afe1133","settings":{"_column_size":100,"_inline_size":null},"elements":[{"id":"65395cf5","settings":[],"elements":[],"isInner":false,"widgetType":"spacer","elType":"widget"}],"isInner":false,"elType":"column"}],"isInner":false,"elType":"section"},{"id":"288f71e6","settings":{"background_background":"classic","background_color":"#00052B","background_image":{"url":"http:\/\/127.0.0.1\/wordpress\/wp-content\/uploads\/2021\/07\/Yg2MJl.jpg","id":2124},"background_overlay_background":"classic","background_overlay_color":"#00052B"},"elements":[{"id":"36791667","settings":{"_column_size":100,"_inline_size":null},"elements":[{"id":"4ca3f000","settings":{"animation_type":"clip","marker":"underline","before_text":" ","highlighted_text":"HEADSETS","rotating_text":"Better\nBigger\nFaster","stroke_width":{"unit":"px","size":6,"sizes":[]},"above_content":"yes","title_color":"#FFFFFF","title_typography_typography":"custom","title_typography_font_size":{"unit":"px","size":41,"sizes":[]},"words_color":"#FFFFFF","words_typography_typography":"custom","words_typography_font_family":"Rosarivo","words_typography_font_weight":"bold","words_typography_text_transform":"capitalize","words_typography_font_style":"italic","__globals__":{"marker_color":"globals\/colors?id=secondary"}},"elements":[],"isInner":false,"widgetType":"animated-headline","elType":"widget"},{"id":"41a0db6e","settings":{"woolentor_product_grid_column":"3","woolentor_product_grid_products_count":6,"woolentor_product_grid_categories":["gaming-headsets"],"product_border_radius":{"unit":"px","top":"0","right":"0","bottom":"0","left":"0","isLinked":true},"product_image_padding":{"unit":"px","top":"0","right":"0","bottom":"0","left":"40","isLinked":false},"product_image_bg_color":"#000000","product_content_padding":{"unit":"px","top":"15","right":"15","bottom":"15","left":"15","isLinked":true},"product_content_bg_color":"#000000","alignprice":"center","custom_order":"","order":"ASC","producttab":"","proslider":"yes","woolentor_product_grid_product_filter":"best_selling","slitems":3,"aligntitle":"center","typography_typography":"custom","typography_font_size":{"unit":"px","size":15,"sizes":[]},"title_color":"#FFFFFF","price_color":"#FFFFFF","pricetypography_typography":"custom","pricetypography_font_size":{"unit":"px","size":17,"sizes":[]},"action_button_color":"#000000","action_button_bg_color":"#FFFFFF","action_button_hover_color":"#FFFFFF","action_button_hover_bg_color":"#000000","button_color":"#000000","button_hover_color":"#FFFFFF","button_hover_bg_color":"#000000"},"elements":[],"isInner":false,"widgetType":"woolentor-product-tab","elType":"widget"}],"isInner":false,"elType":"column"}],"isInner":false,"elType":"section"},{"id":"4bcfdbbc","settings":{"background_background":"classic","background_color":"#00052B","background_image":{"url":"http:\/\/127.0.0.1\/wordpress\/wp-content\/uploads\/2021\/07\/pattern1.jpg","id":1760},"background_position":"bottom right","background_attachment":"fixed","background_overlay_background":"classic","background_overlay_color":"#00052B"},"elements":[{"id":"3546c683","settings":{"_column_size":100,"_inline_size":null},"elements":[{"id":"1bce70d5","settings":[],"elements":[],"isInner":false,"widgetType":"spacer","elType":"widget"}],"isInner":false,"elType":"column"}],"isInner":false,"elType":"section"},{"id":"354dd13e","settings":{"background_background":"classic","background_color":"#00052B","background_image":{"url":"http:\/\/127.0.0.1\/wordpress\/wp-content\/uploads\/2021\/07\/Yg2MJl.jpg","id":2124},"background_overlay_background":"classic","background_overlay_color":"#00052B"},"elements":[{"id":"30eb129f","settings":{"_column_size":100,"_inline_size":null},"elements":[{"id":"442bf5d1","settings":{"animation_type":"clip","marker":"underline","before_text":" ","highlighted_text":"GAMING MICE","rotating_text":"Better\nBigger\nFaster","stroke_width":{"unit":"px","size":6,"sizes":[]},"above_content":"yes","title_color":"#FFFFFF","title_typography_typography":"custom","title_typography_font_size":{"unit":"px","size":41,"sizes":[]},"words_color":"#FFFFFF","words_typography_typography":"custom","words_typography_font_family":"Rosarivo","words_typography_font_weight":"bold","words_typography_text_transform":"capitalize","words_typography_font_style":"italic","__globals__":{"marker_color":"globals\/colors?id=secondary"}},"elements":[],"isInner":false,"widgetType":"animated-headline","elType":"widget"},{"id":"55732cc4","settings":{"woolentor_product_grid_column":"3","woolentor_product_grid_products_count":6,"woolentor_product_grid_categories":["gaming-mice"],"product_border_radius":{"unit":"px","top":"0","right":"0","bottom":"0","left":"0","isLinked":true},"product_image_padding":{"unit":"px","top":"0","right":"0","bottom":"0","left":"40","isLinked":false},"product_image_bg_color":"#000000","product_content_padding":{"unit":"px","top":"15","right":"15","bottom":"15","left":"15","isLinked":true},"product_content_bg_color":"#000000","alignprice":"center","custom_order":"","order":"ASC","producttab":"","proslider":"yes","woolentor_product_grid_product_filter":"best_selling","slitems":3,"aligntitle":"center","typography_typography":"custom","typography_font_size":{"unit":"px","size":15,"sizes":[]},"title_color":"#FFFFFF","price_color":"#FFFFFF","pricetypography_typography":"custom","pricetypography_font_size":{"unit":"px","size":17,"sizes":[]},"action_button_color":"#000000","action_button_hover_color":"#FFFFFF","action_button_hover_bg_color":"#000000","button_color":"#000000","button_hover_color":"#FFFFFF","button_hover_bg_color":"#000000"},"elements":[],"isInner":false,"widgetType":"woolentor-product-tab","elType":"widget"}],"isInner":false,"elType":"column"}],"isInner":false,"elType":"section"},{"id":"6be1660a","settings":{"background_background":"classic","background_color":"#00052B","background_image":{"url":"http:\/\/127.0.0.1\/wordpress\/wp-content\/uploads\/2021\/07\/pattern1.jpg","id":1760},"background_position":"bottom right","background_attachment":"fixed","background_overlay_background":"classic","background_overlay_color":"#00052B"},"elements":[{"id":"1a4eb66","settings":{"_column_size":100,"_inline_size":null},"elements":[{"id":"59614a3b","settings":[],"elements":[],"isInner":false,"widgetType":"spacer","elType":"widget"}],"isInner":false,"elType":"column"}],"isInner":false,"elType":"section"},{"id":"60f97f24","settings":{"background_background":"classic","background_color":"#00052B","background_image":{"url":"http:\/\/127.0.0.1\/wordpress\/wp-content\/uploads\/2021\/07\/Yg2MJl.jpg","id":2124},"background_overlay_background":"classic","background_overlay_color":"#00052B"},"elements":[{"id":"374ad8ca","settings":{"_column_size":100,"_inline_size":null},"elements":[{"id":"3776364e","settings":{"animation_type":"clip","marker":"underline","before_text":" ","highlighted_text":"GAMING CONTROLLERS","rotating_text":"Better\nBigger\nFaster","stroke_width":{"unit":"px","size":6,"sizes":[]},"above_content":"yes","title_color":"#FFFFFF","title_typography_typography":"custom","title_typography_font_size":{"unit":"px","size":41,"sizes":[]},"words_color":"#FFFFFF","words_typography_typography":"custom","words_typography_font_family":"Rosarivo","words_typography_font_weight":"bold","words_typography_text_transform":"capitalize","words_typography_font_style":"italic","__globals__":{"marker_color":"globals\/colors?id=secondary"}},"elements":[],"isInner":false,"widgetType":"animated-headline","elType":"widget"},{"id":"2cd42272","settings":{"woolentor_product_grid_column":"3","woolentor_product_grid_products_count":6,"woolentor_product_grid_categories":["controllers"],"product_border_radius":{"unit":"px","top":"0","right":"0","bottom":"0","left":"0","isLinked":true},"product_image_padding":{"unit":"px","top":"0","right":"0","bottom":"0","left":"40","isLinked":false},"product_image_bg_color":"#000000","product_content_padding":{"unit":"px","top":"15","right":"15","bottom":"15","left":"15","isLinked":true},"product_content_bg_color":"#000000","alignprice":"center","custom_order":"","order":"ASC","producttab":"","proslider":"yes","woolentor_product_grid_product_filter":"best_selling","slitems":3,"button_padding":{"unit":"px","top":"0","right":"0","bottom":"0","left":"0","isLinked":false},"aligntitle":"center","typography_typography":"custom","typography_font_size":{"unit":"px","size":15,"sizes":[]},"title_color":"#FFFFFF","price_color":"#FFFFFF","pricetypography_typography":"custom","pricetypography_font_size":{"unit":"px","size":17,"sizes":[]},"action_button_color":"#020202","action_button_bg_color":"#FFFFFF","action_button_hover_color":"#FFFFFF","action_button_hover_bg_color":"#000000","button_color":"#000000","button_hover_color":"#FFFFFF","button_hover_bg_color":"#000000"},"elements":[],"isInner":false,"widgetType":"woolentor-product-tab","elType":"widget"}],"isInner":false,"elType":"column"}],"isInner":false,"elType":"section"},{"id":"6f3e4ecd","settings":{"background_background":"classic","background_color":"#00052B","background_image":{"url":"http:\/\/127.0.0.1\/wordpress\/wp-content\/uploads\/2021\/07\/pattern1.jpg","id":1760},"background_position":"bottom right","background_attachment":"fixed","background_overlay_background":"classic","background_overlay_color":"#00052B"},"elements":[{"id":"53d7e39a","settings":{"_column_size":100,"_inline_size":null},"elements":[{"id":"6259a96e","settings":[],"elements":[],"isInner":false,"widgetType":"spacer","elType":"widget"}],"isInner":false,"elType":"column"}],"isInner":false,"elType":"section"},{"id":"3ea2bfdc","settings":{"background_background":"classic","background_color":"#00052B","background_image":{"url":"http:\/\/127.0.0.1\/wordpress\/wp-content\/uploads\/2021\/07\/Yg2MJl.jpg","id":2124},"background_overlay_background":"classic","background_overlay_color":"#00052B"},"elements":[{"id":"665502a","settings":{"_column_size":100,"_inline_size":null},"elements":[{"id":"54d8ca4f","settings":{"animation_type":"clip","marker":"underline","before_text":" ","highlighted_text":"GAMING CHAIRS","rotating_text":"Better\nBigger\nFaster","stroke_width":{"unit":"px","size":6,"sizes":[]},"above_content":"yes","title_color":"#FFFFFF","title_typography_typography":"custom","title_typography_font_size":{"unit":"px","size":41,"sizes":[]},"words_color":"#FFFFFF","words_typography_typography":"custom","words_typography_font_family":"Rosarivo","words_typography_font_weight":"bold","words_typography_text_transform":"capitalize","words_typography_font_style":"italic","__globals__":{"marker_color":"globals\/colors?id=secondary"}},"elements":[],"isInner":false,"widgetType":"animated-headline","elType":"widget"},{"id":"7b780fea","settings":{"woolentor_product_grid_column":"3","woolentor_product_grid_products_count":6,"woolentor_product_grid_categories":["gaming-chairs"],"product_border_radius":{"unit":"px","top":"0","right":"0","bottom":"0","left":"0","isLinked":true},"product_image_padding":{"unit":"px","top":"0","right":"0","bottom":"0","left":"40","isLinked":false},"product_image_bg_color":"#000000","product_content_padding":{"unit":"px","top":"15","right":"15","bottom":"15","left":"15","isLinked":true},"product_content_bg_color":"#000000","alignprice":"center","custom_order":"","order":"ASC","producttab":"","proslider":"yes","woolentor_product_grid_product_filter":"best_selling","slitems":3,"aligntitle":"center","typography_typography":"custom","typography_font_size":{"unit":"px","size":15,"sizes":[]},"title_color":"#FFFFFF","price_color":"#FFFFFF","pricetypography_typography":"custom","pricetypography_font_size":{"unit":"px","size":17,"sizes":[]},"action_button_color":"#000000","action_button_bg_color":"#FFFFFF","action_button_hover_color":"#FFFFFF","action_button_hover_bg_color":"#000000","button_color":"#000000","button_hover_color":"#FFFFFF","button_hover_bg_color":"#000000"},"elements":[],"isInner":false,"widgetType":"woolentor-product-tab","elType":"widget"}],"isInner":false,"elType":"column"}],"isInner":false,"elType":"section"},{"id":"5c883e45","settings":{"background_background":"classic","background_color":"#00052B","background_image":{"url":"http:\/\/127.0.0.1\/wordpress\/wp-content\/uploads\/2021\/07\/pattern1.jpg","id":1760},"background_position":"bottom right","background_attachment":"fixed","background_overlay_background":"classic","background_overlay_color":"#00052B"},"elements":[{"id":"51633632","settings":{"_column_size":100,"_inline_size":null},"elements":[{"id":"65bcb27","settings":[],"elements":[],"isInner":false,"widgetType":"spacer","elType":"widget"}],"isInner":false,"elType":"column"}],"isInner":false,"elType":"section"},{"id":"2b5ee435","settings":{"background_background":"classic","background_color":"#00052B","background_image":{"url":"http:\/\/127.0.0.1\/wordpress\/wp-content\/uploads\/2021\/07\/Yg2MJl.jpg","id":2124},"background_overlay_background":"classic","background_overlay_color":"#00052B"},"elements":[{"id":"6f8b354","settings":{"_column_size":100,"_inline_size":null},"elements":[{"id":"6cb355f8","settings":{"animation_type":"clip","marker":"underline","before_text":" ","highlighted_text":"GAMING TITLES","rotating_text":"Better\nBigger\nFaster","stroke_width":{"unit":"px","size":6,"sizes":[]},"above_content":"yes","title_color":"#FFFFFF","title_typography_typography":"custom","title_typography_font_size":{"unit":"px","size":41,"sizes":[]},"words_color":"#FFFFFF","words_typography_typography":"custom","words_typography_font_family":"Rosarivo","words_typography_font_weight":"bold","words_typography_text_transform":"capitalize","words_typography_font_style":"italic","__globals__":{"marker_color":"globals\/colors?id=secondary"}},"elements":[],"isInner":false,"widgetType":"animated-headline","elType":"widget"},{"id":"791a66f4","settings":{"woolentor_product_grid_column":"3","woolentor_product_grid_products_count":6,"woolentor_product_grid_categories":["gaming-titles"],"product_border_radius":{"unit":"px","top":"0","right":"0","bottom":"0","left":"0","isLinked":true},"product_image_padding":{"unit":"px","top":"0","right":"0","bottom":"0","left":"40","isLinked":false},"product_image_bg_color":"#000000","product_content_padding":{"unit":"px","top":"15","right":"15","bottom":"15","left":"15","isLinked":true},"product_content_bg_color":"#000000","alignprice":"center","custom_order":"","order":"ASC","producttab":"","proslider":"yes","woolentor_product_grid_product_filter":"best_selling","slitems":3,"aligntitle":"center","typography_typography":"custom","typography_font_size":{"unit":"px","size":15,"sizes":[]},"title_color":"#FFFFFF","price_color":"#FFFFFF","pricetypography_typography":"custom","pricetypography_font_size":{"unit":"px","size":17,"sizes":[]},"action_button_color":"#000000","action_button_bg_color":"#FFFFFF","action_button_hover_color":"#FFFFFF","action_button_hover_bg_color":"#000000","button_color":"#000000","button_hover_color":"#FFFFFF","button_hover_bg_color":"#000000"},"elements":[],"isInner":false,"widgetType":"woolentor-product-tab","elType":"widget"}],"isInner":false,"elType":"column"}],"isInner":false,"elType":"section"},{"id":"1988c5b1","settings":[],"elements":[{"id":"25503e9f","settings":{"_column_size":100,"_inline_size":null},"elements":[],"isInner":false,"elType":"column"}],"isInner":false,"elType":"section"}],"settings":{"template":"default"}}