{"content":[{"id":"45320410","settings":{"background_background":"classic","background_color":"#00052B","background_image":{"url":"http:\/\/127.0.0.1\/wordpress\/wp-content\/uploads\/2021\/07\/pattern1.jpg","id":1760},"background_position":"bottom right","background_attachment":"fixed","background_overlay_background":"classic","background_overlay_color":"#00052B"},"elements":[{"id":"6eff34d1","settings":{"_column_size":100,"_inline_size":100},"elements":[{"id":"20093085","settings":{"text":"Divider","color":"#FFFFFF","weight":{"unit":"px","size":2.9,"sizes":[]},"align":"center"},"elements":[],"isInner":false,"widgetType":"divider","elType":"widget"},{"id":"5f2cc7af","settings":[],"elements":[],"isInner":false,"widgetType":"spacer","elType":"widget"}],"isInner":false,"elType":"column"}],"isInner":false,"elType":"section"},{"id":"29abb331","settings":{"stretch_section":"section-stretched","layout":"full_width","gap":"no","background_background":"classic","background_color":"#00052B","padding":{"unit":"px","top":"80","right":"0","bottom":"80","left":"0","isLinked":false},"margin_tablet":{"unit":"px","top":"0","right":0,"bottom":"0","left":0,"isLinked":true},"padding_tablet":{"unit":"px","top":"0","right":"0","bottom":"0","left":"0","isLinked":true},"reverse_order_tablet":"reverse-tablet","reverse_order_mobile":"reverse-mobile","background_image":{"url":"http:\/\/127.0.0.1\/wordpress\/wp-content\/uploads\/2021\/07\/Yg2MJl.jpg","id":2124},"background_position":"bottom right","background_attachment":"fixed","background_overlay_background":"classic","background_overlay_color":"#00052B"},"elements":[{"id":"69f44e6c","settings":{"_column_size":100,"margin_tablet":{"unit":"px","top":"0","right":"0","bottom":"0","left":"0","isLinked":true},"padding_tablet":{"unit":"px","top":"0","right":"0","bottom":"0","left":"0","isLinked":true}},"elements":[{"id":"63c58f73","settings":{"layout":"full_width","structure":"30","hide_tablet":"hidden-tablet","hide_mobile":"hidden-phone"},"elements":[{"id":"5747729e","settings":{"_column_size":33,"_inline_size":36.649,"_inline_size_tablet":100,"padding_tablet":{"unit":"em","top":"0","right":"0","bottom":"0","left":"0","isLinked":true}},"elements":[{"id":"7f203d8a","settings":{"image":{"id":1524,"url":"http:\/\/127.0.0.1\/wordpress\/wp-content\/uploads\/2021\/07\/71S2JAmgtTL._SL1500_-1.jpg"},"image_box_shadow_box_shadow_type":"yes","image_box_shadow_box_shadow":{"horizontal":4,"vertical":4,"blur":20,"spread":1,"color":"rgba(0,0,0,0.32)"},"_margin":{"unit":"%","top":"5","right":"0","bottom":"0","left":"0","isLinked":false},"_z_index":3,"_animation":"fadeInRight","animation_duration":"fast","_margin_tablet":{"unit":"px","top":"0","right":"0","bottom":"0","left":"0","isLinked":true},"_padding_tablet":{"unit":"px","top":"0","right":"0","bottom":"0","left":"0","isLinked":true},"image_size":"medium","link_to":"custom","link":{"url":"http:\/\/127.0.0.1\/wordpress\/product\/microsoft-xbox-one-wireless-controller-grey-and-blue\/","is_external":"","nofollow":"","custom_attributes":""},"hover_animation":"grow"},"elements":[],"isInner":false,"widgetType":"image","elType":"widget"}],"isInner":true,"elType":"column"},{"id":"44a9cb36","settings":{"_column_size":33,"_inline_size":25,"padding":{"unit":"em","top":"2","right":"2","bottom":"2","left":"2","isLinked":true},"_inline_size_tablet":100,"margin_tablet":{"unit":"px","top":"0","right":"0","bottom":"0","left":"0","isLinked":true},"padding_tablet":{"unit":"em","top":"","right":"","bottom":"","left":"","isLinked":true}},"elements":[{"id":"6e2af744","settings":{"image":{"id":1685,"url":"http:\/\/127.0.0.1\/wordpress\/wp-content\/uploads\/2021\/07\/g502-lsp-panel1-feature-7.jpg"},"image_box_shadow_box_shadow_type":"yes","image_box_shadow_box_shadow":{"horizontal":4,"vertical":4,"blur":20,"spread":1,"color":"rgba(0,0,0,0.32)"},"_margin":{"unit":"%","top":"-40","right":"-40","bottom":"0","left":"-40","isLinked":false},"_z_index":2,"_animation":"fadeInUp","_margin_tablet":{"unit":"px","top":"0","right":"0","bottom":"0","left":"0","isLinked":true},"_padding_tablet":{"unit":"px","top":"0","right":"0","bottom":"0","left":"0","isLinked":true},"image_size":"medium","link_to":"custom","link":{"url":"http:\/\/127.0.0.1\/wordpress\/product\/logitech-g502-hero\/","is_external":"","nofollow":"","custom_attributes":""},"hover_animation":"grow"},"elements":[],"isInner":false,"widgetType":"image","elType":"widget"},{"id":"5107a84e","settings":{"title":"featured products","title_color":"#ffffff","typography_typography":"custom","typography_font_family":"Josefin Sans","typography_font_size":{"unit":"rem","size":3.8},"typography_text_transform":"uppercase","align":"left","align_tablet":"left","typography_font_weight":"600","typography_line_height":{"unit":"em","size":1},"typography_letter_spacing":{"unit":"px","size":3.8},"_margin":{"unit":"px","top":"0","right":"0","bottom":"0","left":"-6","isLinked":false},"_margin_tablet":{"unit":"px","top":"0","right":"0","bottom":"40","left":"0","isLinked":false},"_padding":{"unit":"px","top":"0","right":"0","bottom":"0","left":"0","isLinked":true},"_z_index":2,"typography_font_size_mobile":{"unit":"rem","size":3}},"elements":[],"isInner":false,"widgetType":"heading","elType":"widget"},{"id":"53a411bd","settings":{"editor":"<p>Lorem ipsum dolor sit amet, consectetur adipiscing elit. Vivamus ultrices ligula est, at mattis orci varius quis. Nullam non erat neque. Maecenas a ipsum a odio interdum lacinia.<\/p>","typography_typography":"custom","typography_font_family":"Recursive","typography_font_size":{"unit":"rem","size":1},"typography_line_height":{"unit":"em","size":1.2},"text_color":"#ffffff","align":"left","typography_font_weight":"300","typography_letter_spacing":{"unit":"px","size":3.5},"_margin":{"unit":"px","top":"0","right":"0","bottom":"40","left":"0","isLinked":false},"_padding":{"unit":"em","top":"0","right":"0","bottom":"0","left":"0","isLinked":false}},"elements":[],"isInner":false,"widgetType":"text-editor","elType":"widget"}],"isInner":true,"elType":"column"},{"id":"78358c07","settings":{"_column_size":33,"_inline_size":38.35,"content_position":"center","padding":{"unit":"%","top":"0","right":"0","bottom":"0","left":"0","isLinked":false},"z_index":1,"_inline_size_tablet":100},"elements":[{"id":"3a2fe4d6","settings":{"image":{"id":1598,"url":"http:\/\/127.0.0.1\/wordpress\/wp-content\/uploads\/2021\/07\/Shf_main_754a6686-8517-4020-912b-6f4530893714_480x480.png"},"image_box_shadow_box_shadow_type":"yes","image_box_shadow_box_shadow":{"horizontal":4,"vertical":4,"blur":20,"spread":1,"color":"rgba(0,0,0,0.32)"},"_margin":{"unit":"%","top":"0","right":"0","bottom":"0","left":"20","isLinked":false},"_padding":{"unit":"%","top":"0","right":"0","bottom":"0","left":"5","isLinked":false},"_animation":"fadeInLeft","animation_duration":"fast","_margin_tablet":{"unit":"px","top":"0","right":"0","bottom":"0","left":"0","isLinked":true},"_padding_tablet":{"unit":"em","top":"2","right":"2","bottom":"2","left":"2","isLinked":true},"image_size":"medium","link_to":"custom","link":{"url":"http:\/\/127.0.0.1\/wordpress\/product\/chair\/","is_external":"","nofollow":"","custom_attributes":""},"hover_animation":"grow"},"elements":[],"isInner":false,"widgetType":"image","elType":"widget"}],"isInner":true,"elType":"column"}],"isInner":true,"elType":"section"},{"id":"3dd9f966","settings":{"layout":"full_width","structure":"20","hide_desktop":"hidden-desktop"},"elements":[{"id":"5c35386b","settings":{"_column_size":50,"_inline_size":null,"padding":{"unit":"em","top":"2","right":"2","bottom":"2","left":"2","isLinked":true},"_inline_size_tablet":100,"margin_tablet":{"unit":"px","top":"0","right":"0","bottom":"0","left":"0","isLinked":true},"padding_tablet":{"unit":"em","top":"","right":"","bottom":"","left":"","isLinked":true}},"elements":[{"id":"4133849a","settings":{"title":"featured products","title_color":"#ffffff","typography_typography":"custom","typography_font_family":"Josefin Sans","typography_font_size":{"unit":"rem","size":3.8},"typography_text_transform":"uppercase","align":"left","align_tablet":"left","typography_font_weight":"600","typography_line_height":{"unit":"em","size":1},"typography_letter_spacing":{"unit":"px","size":3.8},"_margin":{"unit":"px","top":"0","right":"0","bottom":"0","left":"-6","isLinked":false},"_margin_tablet":{"unit":"px","top":"0","right":"0","bottom":"40","left":"0","isLinked":false},"_padding":{"unit":"px","top":"0","right":"0","bottom":"0","left":"0","isLinked":true},"_z_index":2,"typography_font_size_mobile":{"unit":"rem","size":3}},"elements":[],"isInner":false,"widgetType":"heading","elType":"widget"},{"id":"5e150429","settings":{"editor":"<p>Lorem ipsum dolor sit amet, consectetur adipiscing elit. Vivamus ultrices ligula est, at mattis orci varius quis. Nullam non erat neque. Maecenas a ipsum a odio interdum lacinia.<\/p>","typography_typography":"custom","typography_font_family":"Recursive","typography_font_size":{"unit":"rem","size":1},"typography_line_height":{"unit":"em","size":1.2},"text_color":"#ffffff","align":"left","typography_font_weight":"300","typography_letter_spacing":{"unit":"px","size":3.5},"_margin":{"unit":"px","top":"0","right":"0","bottom":"40","left":"0","isLinked":false},"_padding":{"unit":"em","top":"0","right":"0","bottom":"0","left":"0","isLinked":false}},"elements":[],"isInner":false,"widgetType":"text-editor","elType":"widget"},{"id":"57d7d849","settings":{"image":{"id":1685,"url":"http:\/\/127.0.0.1\/wordpress\/wp-content\/uploads\/2021\/07\/g502-lsp-panel1-feature-7.jpg"},"image_box_shadow_box_shadow_type":"yes","image_box_shadow_box_shadow":{"horizontal":4,"vertical":4,"blur":20,"spread":1,"color":"rgba(0,0,0,0.32)"},"_margin":{"unit":"%","top":"-40","right":"-40","bottom":"0","left":"-40","isLinked":false},"_z_index":2,"_animation":"fadeInUp","_margin_tablet":{"unit":"px","top":"0","right":"0","bottom":"0","left":"0","isLinked":true},"_padding_tablet":{"unit":"px","top":"0","right":"0","bottom":"0","left":"0","isLinked":true},"image_size":"medium","link_to":"custom","link":{"url":"http:\/\/127.0.0.1\/wordpress\/product\/logitech-g502-hero\/","is_external":"","nofollow":"","custom_attributes":""},"hover_animation":"grow"},"elements":[],"isInner":false,"widgetType":"image","elType":"widget"},{"id":"7bb7ccde","settings":{"image":{"id":1524,"url":"http:\/\/127.0.0.1\/wordpress\/wp-content\/uploads\/2021\/07\/71S2JAmgtTL._SL1500_-1.jpg"},"image_box_shadow_box_shadow_type":"yes","image_box_shadow_box_shadow":{"horizontal":4,"vertical":4,"blur":20,"spread":1,"color":"rgba(0,0,0,0.32)"},"_margin":{"unit":"%","top":"5","right":"0","bottom":"0","left":"0","isLinked":false},"_z_index":3,"_animation":"fadeInRight","animation_duration":"fast","_margin_tablet":{"unit":"px","top":"0","right":"0","bottom":"0","left":"0","isLinked":true},"_padding_tablet":{"unit":"px","top":"0","right":"0","bottom":"0","left":"0","isLinked":true},"image_size":"medium","link_to":"custom","link":{"url":"http:\/\/127.0.0.1\/wordpress\/product\/microsoft-xbox-one-wireless-controller-grey-and-blue\/","is_external":"","nofollow":"","custom_attributes":""},"hover_animation":"grow"},"elements":[],"isInner":false,"widgetType":"image","elType":"widget"}],"isInner":true,"elType":"column"},{"id":"7ecc57c5","settings":{"_column_size":50,"_inline_size":null,"content_position":"center","padding":{"unit":"%","top":"0","right":"0","bottom":"0","left":"0","isLinked":false},"z_index":1,"_inline_size_tablet":100},"elements":[{"id":"39fa1966","settings":{"image":{"id":1598,"url":"http:\/\/127.0.0.1\/wordpress\/wp-content\/uploads\/2021\/07\/Shf_main_754a6686-8517-4020-912b-6f4530893714_480x480.png"},"image_box_shadow_box_shadow_type":"yes","image_box_shadow_box_shadow":{"horizontal":4,"vertical":4,"blur":20,"spread":1,"color":"rgba(0,0,0,0.32)"},"_margin":{"unit":"%","top":"0","right":"0","bottom":"0","left":"20","isLinked":false},"_padding":{"unit":"%","top":"0","right":"0","bottom":"0","left":"5","isLinked":false},"_animation":"fadeInLeft","animation_duration":"fast","_margin_tablet":{"unit":"px","top":"0","right":"0","bottom":"0","left":"0","isLinked":true},"_padding_tablet":{"unit":"em","top":"2","right":"2","bottom":"2","left":"2","isLinked":true},"image_size":"medium","link_to":"custom","link":{"url":"http:\/\/127.0.0.1\/wordpress\/product\/chair\/","is_external":"","nofollow":"","custom_attributes":""},"hover_animation":"grow"},"elements":[],"isInner":false,"widgetType":"image","elType":"widget"}],"isInner":true,"elType":"column"}],"isInner":true,"elType":"section"}],"isInner":false,"elType":"column"}],"isInner":false,"elType":"section"},{"id":"3daec8e5","settings":{"background_background":"classic","background_color":"#00052B","background_image":{"url":"http:\/\/127.0.0.1\/wordpress\/wp-content\/uploads\/2021\/07\/pattern1.jpg","id":1760},"background_position":"bottom right","background_attachment":"fixed","background_overlay_background":"classic","background_overlay_color":"#00052B"},"elements":[{"id":"2e8928cd","settings":{"_column_size":100,"_inline_size":null},"elements":[{"id":"4c68b4f0","settings":{"text":"Divider","color":"#FFFFFF","weight":{"unit":"px","size":2.9,"sizes":[]}},"elements":[],"isInner":false,"widgetType":"divider","elType":"widget"}],"isInner":false,"elType":"column"}],"isInner":false,"elType":"section"},{"id":"7cac4e50","settings":{"custom_height":{"unit":"vh","size":100},"column_position":"bottom","background_background":"classic","background_position":"bottom right","background_overlay_background":"classic","background_overlay_color":"#00052B","background_overlay_opacity":{"unit":"px","size":0.5},"content_width":{"unit":"px","size":1600},"shape_divider_bottom_width":{"unit":"%","size":144},"shape_divider_bottom_height":{"unit":"px","size":398},"background_color":"#00052B","background_image":{"url":"http:\/\/127.0.0.1\/wordpress\/wp-content\/uploads\/2021\/07\/Yg2MJl.jpg","id":2124},"background_attachment":"fixed","layout":"full_width"},"elements":[{"id":"201db1da","settings":{"_column_size":100,"_inline_size":null,"background_background":"classic","padding":{"unit":"px","top":"30","right":"50","bottom":"50","left":"80","isLinked":false},"padding_mobile":{"unit":"px","top":"30","right":"30","bottom":"30","left":"30","isLinked":true}},"elements":[{"id":"4adbbad8","settings":{"content_width":{"unit":"px","size":700}},"elements":[{"id":"24fa49a9","settings":{"_column_size":100,"_inline_size":null,"margin":{"unit":"px","top":"-13","right":"-13","bottom":"-13","left":"-13","isLinked":true}},"elements":[{"id":"e20977a","settings":{"title":"Popular Categories","title_color":"#ffffff","typography_typography":"custom","typography_font_size":{"unit":"em","size":3.8},"align":"center","typography_font_size_tablet":{"unit":"em","size":3.5},"typography_font_family":"Nunito Sans","align_mobile":"center","typography_font_size_mobile":{"unit":"em","size":2.5},"typography_font_weight":"800"},"elements":[],"isInner":false,"widgetType":"heading","elType":"widget"},{"id":"c872f4d","settings":{"space":{"unit":"px","size":30}},"elements":[],"isInner":false,"widgetType":"spacer","elType":"widget"}],"isInner":true,"elType":"column"}],"isInner":true,"elType":"section"},{"id":"220ad377","settings":[],"elements":[],"isInner":false,"widgetType":"spacer","elType":"widget"},{"id":"392be043","settings":{"structure":"30","z_index":3,"background_background":"classic","background_color":"#081216","margin":{"unit":"px","top":"-55","right":0,"bottom":"0","left":0,"isLinked":false},"padding":{"unit":"px","top":"1","right":"1","bottom":"1","left":"1","isLinked":true}},"elements":[{"id":"8e8ff94","settings":{"_column_size":33,"_inline_size":null,"background_background":"classic","margin":{"unit":"px","top":"20","right":"20","bottom":"20","left":"20","isLinked":true},"padding":{"unit":"px","top":"20","right":"20","bottom":"20","left":"20","isLinked":true},"_inline_size_tablet":100,"margin_tablet":{"unit":"px","top":"20","right":"20","bottom":"60","left":"0","isLinked":false},"margin_mobile":{"unit":"px","top":"0","right":"0","bottom":"75","left":"0","isLinked":false},"border_border":"solid","border_width":{"unit":"px","top":"2","right":"2","bottom":"2","left":"2","isLinked":true},"border_color":"#FFFFFF9E","border_radius":{"unit":"px","top":"0","right":"0","bottom":"0","left":"0","isLinked":true},"background_attachment":"fixed","background_size":"cover","background_overlay_background":"classic","background_overlay_color":"#081216","background_overlay_opacity":{"unit":"px","size":0.9},"background_color":"#081216"},"elements":[{"id":"6304aea","settings":{"view":"stacked","primary_color":"#081216","_margin":{"unit":"px","top":"-70","right":"0","bottom":"0","left":"0","isLinked":false},"icon":"fa fa-street-view","shape":"square","selected_icon":{"value":"fas fa-gamepad","library":"fa-solid"},"__fa4_migrated":{"selected_icon":true},"link":{"url":"http:\/\/127.0.0.1\/wordpress\/product-category\/controllers\/","is_external":"","nofollow":"","custom_attributes":""}},"elements":[],"isInner":false,"widgetType":"icon","elType":"widget"},{"id":"3f25956c","settings":{"title":"Controllers","header_size":"h3","align":"center","title_color":"#FFFFFF","typography_typography":"custom","typography_font_size":{"unit":"em","size":1.5},"typography_font_family":"Nunito","link":{"url":"http:\/\/127.0.0.1\/wordpress\/product-category\/controllers\/","is_external":"","nofollow":"","custom_attributes":""}},"elements":[],"isInner":false,"widgetType":"heading","elType":"widget"},{"id":"29adf554","settings":{"weight":{"unit":"px","size":3},"color":"#ffab00","width":{"unit":"px","size":66},"align":"center","gap":{"unit":"px","size":2},"_margin":{"unit":"px","top":"-10","right":"0","bottom":"0","left":"0","isLinked":false},"text":"Divider"},"elements":[],"isInner":false,"widgetType":"divider","elType":"widget"},{"id":"14e1e4c8","settings":{"text":"Shop","align":"center","typography_typography":"custom","typography_font_family":"Nunito","typography_font_weight":"400","background_color":"#081216","hover_color":"#000000","button_background_hover_color":"#FFFFFF","border_border":"solid","border_width":{"unit":"px","top":"2","right":"2","bottom":"2","left":"2","isLinked":true},"border_color":"#081216","border_radius":{"unit":"px","top":"20","right":"20","bottom":"20","left":"20","isLinked":true},"align_tablet":"center","typography_font_size":{"unit":"em","size":1.1},"button_text_color":"#FFFFFF","button_hover_border_color":"#081216","link":{"url":"http:\/\/127.0.0.1\/wordpress\/product-category\/controllers\/","is_external":"","nofollow":"","custom_attributes":""}},"elements":[],"isInner":false,"widgetType":"button","elType":"widget"}],"isInner":true,"elType":"column"},{"id":"5b7cfdc9","settings":{"_column_size":33,"_inline_size":null,"background_background":"classic","margin":{"unit":"px","top":"20","right":"20","bottom":"20","left":"20","isLinked":true},"padding":{"unit":"px","top":"20","right":"20","bottom":"20","left":"20","isLinked":true},"_inline_size_tablet":100,"margin_tablet":{"unit":"px","top":"20","right":"20","bottom":"60","left":"0","isLinked":false},"margin_mobile":{"unit":"px","top":"0","right":"0","bottom":"75","left":"0","isLinked":false},"border_border":"solid","border_width":{"unit":"px","top":"2","right":"2","bottom":"2","left":"2","isLinked":true},"border_color":"#FFFFFF9E","border_radius":{"unit":"px","top":"0","right":"0","bottom":"0","left":"0","isLinked":true},"background_attachment":"fixed","background_size":"cover","background_overlay_background":"classic","background_overlay_color":"#081216","background_overlay_opacity":{"unit":"px","size":0.9},"background_color":"#081216"},"elements":[{"id":"26cd6a42","settings":{"view":"stacked","primary_color":"#081216","_margin":{"unit":"px","top":"-70","right":"0","bottom":"0","left":"0","isLinked":false},"icon":"fa fa-plane","shape":"square","selected_icon":{"value":"fas fa-mouse","library":"fa-solid"},"__fa4_migrated":{"selected_icon":true},"link":{"url":"http:\/\/127.0.0.1\/wordpress\/product-category\/gaming-mice\/","is_external":"","nofollow":"","custom_attributes":""}},"elements":[],"isInner":false,"widgetType":"icon","elType":"widget"},{"id":"31b0d9","settings":{"title":"Gaming Mice","header_size":"h3","align":"center","title_color":"#FFFFFF","typography_typography":"custom","typography_font_size":{"unit":"em","size":1.5},"typography_font_family":"Nunito","link":{"url":"http:\/\/127.0.0.1\/wordpress\/product-category\/gaming-mice\/","is_external":"","nofollow":"","custom_attributes":""}},"elements":[],"isInner":false,"widgetType":"heading","elType":"widget"},{"id":"6b806892","settings":{"weight":{"unit":"px","size":3},"color":"#ffab00","width":{"unit":"px","size":66},"align":"center","gap":{"unit":"px","size":2},"_margin":{"unit":"px","top":"-10","right":"0","bottom":"0","left":"0","isLinked":false},"text":"Divider"},"elements":[],"isInner":false,"widgetType":"divider","elType":"widget"},{"id":"5c78cfa0","settings":{"text":"Shop","align":"center","typography_typography":"custom","typography_font_family":"Nunito","typography_font_weight":"400","background_color":"#081216","hover_color":"#000000","button_background_hover_color":"#FFFFFF","border_border":"solid","border_width":{"unit":"px","top":"2","right":"2","bottom":"2","left":"2","isLinked":true},"border_color":"#081216","border_radius":{"unit":"px","top":"20","right":"20","bottom":"20","left":"20","isLinked":true},"align_tablet":"center","typography_font_size":{"unit":"em","size":1.1},"button_text_color":"#FFFFFF","button_hover_border_color":"#081216","link":{"url":"http:\/\/127.0.0.1\/wordpress\/product-category\/gaming-mice\/","is_external":"","nofollow":"","custom_attributes":""}},"elements":[],"isInner":false,"widgetType":"button","elType":"widget"}],"isInner":true,"elType":"column"},{"id":"7c6a05b0","settings":{"_column_size":33,"_inline_size":null,"background_background":"classic","margin":{"unit":"px","top":"20","right":"20","bottom":"20","left":"20","isLinked":true},"padding":{"unit":"px","top":"20","right":"20","bottom":"20","left":"20","isLinked":true},"_inline_size_tablet":100,"margin_tablet":{"unit":"px","top":"20","right":"20","bottom":"60","left":"0","isLinked":false},"margin_mobile":{"unit":"px","top":"0","right":"0","bottom":"75","left":"0","isLinked":false},"border_border":"solid","border_width":{"unit":"px","top":"2","right":"2","bottom":"2","left":"2","isLinked":true},"border_color":"#FFFFFF9E","border_radius":{"unit":"px","top":"0","right":"0","bottom":"0","left":"0","isLinked":true},"background_attachment":"fixed","background_size":"cover","background_overlay_background":"classic","background_overlay_color":"#081216","background_overlay_opacity":{"unit":"px","size":0.9},"background_color":"#081216"},"elements":[{"id":"59c1fcde","settings":{"view":"stacked","primary_color":"#081216","_margin":{"unit":"px","top":"-70","right":"0","bottom":"0","left":"0","isLinked":false},"icon":"fa fa-plane","shape":"square","selected_icon":{"value":"fas fa-headset","library":"fa-solid"},"__fa4_migrated":{"selected_icon":true},"link":{"url":"http:\/\/127.0.0.1\/wordpress\/product-category\/gaming-headsets\/","is_external":"","nofollow":"","custom_attributes":""}},"elements":[],"isInner":false,"widgetType":"icon","elType":"widget"},{"id":"65250447","settings":{"title":"Gaming Headsets","header_size":"h3","align":"center","title_color":"#FFFFFF","typography_typography":"custom","typography_font_size":{"unit":"em","size":1.5},"typography_font_family":"Nunito","link":{"url":"http:\/\/127.0.0.1\/wordpress\/product-category\/gaming-headsets\/","is_external":"","nofollow":"","custom_attributes":""}},"elements":[],"isInner":false,"widgetType":"heading","elType":"widget"},{"id":"55ce49aa","settings":{"weight":{"unit":"px","size":3},"color":"#ffab00","width":{"unit":"px","size":66},"align":"center","gap":{"unit":"px","size":2},"_margin":{"unit":"px","top":"-10","right":"0","bottom":"0","left":"0","isLinked":false},"text":"Divider"},"elements":[],"isInner":false,"widgetType":"divider","elType":"widget"},{"id":"76068315","settings":{"text":"Shop","align":"center","typography_typography":"custom","typography_font_family":"Nunito","typography_font_weight":"400","background_color":"#081216","hover_color":"#000000","button_background_hover_color":"#FFFFFF","border_border":"solid","border_width":{"unit":"px","top":"2","right":"2","bottom":"2","left":"2","isLinked":true},"border_color":"#081216","border_radius":{"unit":"px","top":"20","right":"20","bottom":"20","left":"20","isLinked":true},"align_tablet":"center","typography_font_size":{"unit":"em","size":1.1},"button_text_color":"#FFFFFF","button_hover_border_color":"#081216","link":{"url":"http:\/\/127.0.0.1\/wordpress\/product-category\/gaming-headsets\/","is_external":"","nofollow":"","custom_attributes":""}},"elements":[],"isInner":false,"widgetType":"button","elType":"widget"}],"isInner":true,"elType":"column"}],"isInner":true,"elType":"section"},{"id":"31023628","settings":{"space":{"unit":"px","size":10}},"elements":[],"isInner":false,"widgetType":"spacer","elType":"widget"}],"isInner":false,"elType":"column"}],"isInner":false,"elType":"section"},{"id":"64ce0a44","settings":{"background_background":"classic","background_color":"#00052B","background_image":{"url":"http:\/\/127.0.0.1\/wordpress\/wp-content\/uploads\/2021\/07\/pattern1.jpg","id":1760},"background_position":"bottom right","background_attachment":"fixed","background_overlay_background":"classic","background_overlay_color":"#00052B"},"elements":[{"id":"4ae202ae","settings":{"_column_size":100,"_inline_size":null},"elements":[{"id":"2c45aa04","settings":{"text":"Divider","color":"#FFFFFF","weight":{"unit":"px","size":2.9,"sizes":[]}},"elements":[],"isInner":false,"widgetType":"divider","elType":"widget"}],"isInner":false,"elType":"column"}],"isInner":false,"elType":"section"},{"id":"f8b42","settings":{"content_position":"middle","background_background":"classic","background_position":"bottom right","background_size":"cover","background_overlay_background":"classic","background_overlay_opacity":{"unit":"px","size":0.5},"padding":{"unit":"px","top":"100","right":"0","bottom":"100","left":"0","isLinked":false},"background_color":"#00052B","background_image":{"id":2124,"url":"http:\/\/127.0.0.1\/wordpress\/wp-content\/uploads\/2021\/07\/Yg2MJl.jpg"},"background_attachment":"fixed","background_overlay_color":"#00052b","padding_tablet":{"unit":"em","top":"3","right":"1","bottom":"3","left":"1","isLinked":false},"padding_mobile":{"unit":"em","top":"3","right":"1","bottom":"3","left":"1","isLinked":false},"layout":"full_width","content_width":{"unit":"px","size":1395,"sizes":[]}},"elements":[{"id":"219910d9","settings":{"_column_size":100,"_inline_size":null,"_inline_size_tablet":100},"elements":[{"id":"4609ee4f","settings":{"gap":"extended","structure":"30"},"elements":[{"id":"621ac96b","settings":{"_column_size":33,"_inline_size":null,"_inline_size_tablet":100},"elements":[{"id":"1eff6e2e","settings":{"title":"Some Of OUR BEst SELLING PRODUCTS","align_tablet":"center","title_color":"#ffffff","typography_typography":"custom","typography_font_family":"Rosarivo","typography_font_size":{"unit":"rem","size":4},"typography_font_size_mobile":{"unit":"px","size":48},"typography_font_weight":"500","typography_text_transform":"uppercase","typography_line_height":{"unit":"em","size":1},"_margin":{"unit":"px","top":"0","right":"0","bottom":"30","left":"0","isLinked":false},"_animation":"fadeIn","animation_duration":"fast","_animation_delay":300,"align":"left","align_mobile":"center","size":"small"},"elements":[],"isInner":false,"widgetType":"heading","elType":"widget"}],"isInner":true,"elType":"column"},{"id":"4a2f44c5","settings":{"_column_size":33,"_inline_size":null,"_inline_size_tablet":50},"elements":[{"id":"76d50b39","settings":{"image":{"id":284,"url":"http:\/\/127.0.0.1\/wordpress\/wp-content\/uploads\/2021\/07\/71DwSvIQhjL._AC_SL1500_.jpg"},"image_size":"medium","image_custom_dimension":{"width":"1200","height":"800"},"link_to":"custom","hover_animation":"float","image_border_width":{"unit":"px","top":"0","right":"0","bottom":"15","left":"15","isLinked":false},"image_border_color":"#ed1552","image_box_shadow_box_shadow_type":"yes","image_box_shadow_box_shadow":{"horizontal":10,"vertical":10,"blur":0,"spread":0,"color":"#ef15c4"},"_margin":{"unit":"%","top":"","right":"","bottom":"","left":"","isLinked":false},"_padding":{"unit":"%","top":"","right":"","bottom":"","left":"","isLinked":false},"_border_width":{"unit":"px","top":"0","right":"0","bottom":"10","left":"10","isLinked":false},"_border_color":"#ed1552","opacity":{"unit":"px","size":1},"opacity_hover":{"unit":"px","size":0.1},"background_hover_transition":{"unit":"px","size":0.9},"image_border_radius":{"unit":"px","top":"10","right":"10","bottom":"10","left":"10","isLinked":true},"_background_background":"classic","_background_color":"#081216","css_filters_hover_css_filter":"custom","css_filters_hover_contrast":{"unit":"px","size":92,"sizes":[]},"css_filters_hover_saturate":{"unit":"px","size":0,"sizes":[]},"css_filters_hover_hue":{"unit":"px","size":11,"sizes":[]}},"elements":[],"isInner":false,"widgetType":"image","elType":"widget"}],"isInner":true,"elType":"column"},{"id":"26f25f32","settings":{"_column_size":33,"_inline_size":null,"_inline_size_tablet":50},"elements":[{"id":"6d15be9a","settings":{"image":{"id":1547,"url":"http:\/\/127.0.0.1\/wordpress\/wp-content\/uploads\/2021\/07\/71urZHz6lVL._SL1500_.jpg"},"image_size":"medium","image_custom_dimension":{"width":"1200","height":"800"},"link_to":"custom","hover_animation":"float","image_border_width":{"unit":"px","top":"0","right":"0","bottom":"15","left":"15","isLinked":false},"image_border_color":"#ed1552","image_box_shadow_box_shadow_type":"yes","image_box_shadow_box_shadow":{"horizontal":10,"vertical":10,"blur":0,"spread":0,"color":"#ef15c4"},"_margin":{"unit":"%","top":"","right":"","bottom":"","left":"","isLinked":false},"_padding":{"unit":"%","top":"","right":"","bottom":"","left":"","isLinked":false},"_border_width":{"unit":"px","top":"0","right":"0","bottom":"10","left":"10","isLinked":false},"_border_color":"#ed1552","opacity":{"unit":"px","size":1},"opacity_hover":{"unit":"px","size":0.21},"background_hover_transition":{"unit":"px","size":0.9},"image_border_radius":{"unit":"px","top":"10","right":"10","bottom":"10","left":"10","isLinked":true},"_background_background":"classic","_background_color":"#081216","align":"center"},"elements":[],"isInner":false,"widgetType":"image","elType":"widget"}],"isInner":true,"elType":"column"}],"isInner":true,"elType":"section"},{"id":"661514bc","settings":{"gap":"extended","structure":"22"},"elements":[{"id":"216fa9e3","settings":{"_column_size":66,"_inline_size":null},"elements":[{"id":"47da5e40","settings":{"image":{"id":1435,"url":"http:\/\/127.0.0.1\/wordpress\/wp-content\/uploads\/2021\/07\/71vVHdmqMKL._SL1500_.jpg"},"image_size":"medium_large","image_custom_dimension":{"width":"1200","height":"860"},"link_to":"file","hover_animation":"float","image_border_width":{"unit":"px","top":"0","right":"0","bottom":"15","left":"15","isLinked":false},"image_border_color":"#ed1552","image_box_shadow_box_shadow_type":"yes","image_box_shadow_box_shadow":{"horizontal":10,"vertical":10,"blur":0,"spread":0,"color":"#ef15c4"},"_margin":{"unit":"%","top":"","right":"","bottom":"","left":"","isLinked":false},"_padding":{"unit":"%","top":"","right":"","bottom":"","left":"","isLinked":false},"_border_width":{"unit":"px","top":"0","right":"0","bottom":"10","left":"10","isLinked":false},"_border_color":"#ed1552","opacity":{"unit":"px","size":1},"opacity_hover":{"unit":"px","size":0.21},"background_hover_transition":{"unit":"px","size":0.9},"image_border_radius":{"unit":"px","top":"10","right":"10","bottom":"10","left":"10","isLinked":true},"_background_background":"classic","_background_color":"#081216"},"elements":[],"isInner":false,"widgetType":"image","elType":"widget"}],"isInner":true,"elType":"column"},{"id":"204f9364","settings":{"_column_size":33,"_inline_size":null},"elements":[{"id":"64102239","settings":{"image":{"id":377,"url":"http:\/\/127.0.0.1\/wordpress\/wp-content\/uploads\/2021\/07\/51xDl3CQB1L.jpg"},"image_custom_dimension":{"width":"800","height":"1200"},"link_to":"file","hover_animation":"float","image_border_width":{"unit":"px","top":"0","right":"0","bottom":"15","left":"15","isLinked":false},"image_border_color":"#ed1552","image_box_shadow_box_shadow_type":"yes","image_box_shadow_box_shadow":{"horizontal":10,"vertical":10,"blur":0,"spread":0,"color":"#ef15c4"},"_margin":{"unit":"%","top":"","right":"","bottom":"","left":"","isLinked":false},"_padding":{"unit":"%","top":"","right":"","bottom":"","left":"","isLinked":false},"_border_width":{"unit":"px","top":"0","right":"0","bottom":"10","left":"10","isLinked":false},"_border_color":"#ed1552","opacity":{"unit":"px","size":1},"opacity_hover":{"unit":"px","size":0.21},"background_hover_transition":{"unit":"px","size":0.9},"image_border_radius":{"unit":"px","top":"10","right":"10","bottom":"10","left":"10","isLinked":true},"_background_background":"classic","_background_color":"#081216"},"elements":[],"isInner":false,"widgetType":"image","elType":"widget"}],"isInner":true,"elType":"column"}],"isInner":true,"elType":"section"}],"isInner":false,"elType":"column"}],"isInner":false,"elType":"section"},{"id":"7e3cf4c2","settings":{"background_background":"classic","background_color":"#00052B","background_image":{"url":"http:\/\/127.0.0.1\/wordpress\/wp-content\/uploads\/2021\/07\/pattern1.jpg","id":1760},"background_position":"bottom right","background_attachment":"fixed","background_overlay_background":"classic","background_overlay_color":"#00052B","hide_mobile":"hidden-phone"},"elements":[{"id":"19c9d17b","settings":{"_column_size":100,"_inline_size":null},"elements":[{"id":"42c90d82","settings":{"text":"Divider","color":"#FFFFFF","weight":{"unit":"px","size":2.9,"sizes":[]}},"elements":[],"isInner":false,"widgetType":"divider","elType":"widget"}],"isInner":false,"elType":"column"}],"isInner":false,"elType":"section"},{"id":"45e1b7a8","settings":{"gap":"extended","custom_height":{"unit":"px","size":800},"content_position":"middle","padding":{"unit":"px","top":"75","right":"0","bottom":"75","left":"0","isLinked":false},"padding_tablet":{"unit":"px","top":"100","right":"-30","bottom":"100","left":"-30","isLinked":false},"padding_mobile":{"unit":"px","top":"50","right":"20","bottom":"50","left":"20","isLinked":false},"background_image":{"id":2124,"url":"http:\/\/127.0.0.1\/wordpress\/wp-content\/uploads\/2021\/07\/Yg2MJl.jpg"},"background_background":"classic","background_color":"#00052B","background_position":"bottom right","background_size":"cover","background_overlay_background":"classic","background_overlay_color":"#00052B","background_overlay_opacity":{"unit":"px","size":0.5},"structure":"20","background_attachment":"fixed","hide_mobile":"hidden-phone"},"elements":[{"id":"61875e89","settings":{"_column_size":50,"_inline_size":40,"content_position":"top","padding":{"unit":"em","top":"1","right":"1","bottom":"1","left":"1","isLinked":true}},"elements":[{"id":"2d1621f8","settings":{"title":"most popular Brands","align":"left","title_color":"#ffffff","typography_typography":"custom","typography_font_weight":"100","header_size":"h5","size":"medium","typography_font_family":"Proza Libre","typography_text_transform":"uppercase","typography_letter_spacing":{"unit":"px","size":1},"typography_font_size":{"unit":"px","size":49},"typography_line_height":{"unit":"em","size":1},"_padding":{"unit":"px","top":"0","right":"0","bottom":"0","left":"0","isLinked":false},"_animation":"fadeIn","typography_font_style":"italic"},"elements":[],"isInner":false,"widgetType":"heading","elType":"widget"},{"id":"27797eee","settings":{"color":"#ffffff","width":{"unit":"%","size":6},"align":"left","_animation":"fadeInUp","text":"Divider"},"elements":[],"isInner":false,"widgetType":"divider","elType":"widget"},{"id":"64771254","settings":{"editor":"<p>Lorem ipsum dolor sit amet, sed diam nonumy eirmod tempor invidunt ut labore et.<\/p>","align":"left","text_color":"#ffffff","typography_typography":"custom","typography_line_height":{"unit":"em","size":1.4},"typography_font_family":"Source Serif Pro","typography_font_size":{"unit":"rem","size":1.8},"typography_font_weight":"100","typography_font_style":"oblique","_padding":{"unit":"%","top":"0","right":"0","bottom":"0","left":"0","isLinked":false},"_animation":"fadeIn"},"elements":[],"isInner":false,"widgetType":"text-editor","elType":"widget"}],"isInner":false,"elType":"column"},{"id":"19c96145","settings":{"_column_size":50,"_inline_size":60,"content_position":"top","padding":{"unit":"em","top":"0","right":"4","bottom":"0","left":"4","isLinked":false},"padding_tablet":{"unit":"px","top":"0","right":"0","bottom":"0","left":"0","isLinked":true}},"elements":[{"id":"34af13f4","settings":{"structure":"20","margin":{"unit":"px","top":"0","right":0,"bottom":"0","left":0,"isLinked":true}},"elements":[{"id":"7331e919","settings":{"_column_size":50,"_inline_size":null,"padding":{"unit":"em","top":"1","right":"1","bottom":"1","left":"1","isLinked":true}},"elements":[{"id":"1b892d3a","settings":{"graphic_element":"image","image":{"id":1856,"url":"http:\/\/127.0.0.1\/wordpress\/wp-content\/uploads\/2021\/07\/Sony-Logo-500x500-1.jpg"},"image_custom_dimension":{"width":"150","height":"150"},"title_text_a":"","description_text_a":"","background_a_background":"classic","background_a_color":"#ffffff","title_text_b":"Sony","description_text_b":"Console accessories","button_text":"Click Here","background_b_background":"classic","background_b_color":"#3c8fb2","flip_direction":"right","flip_3d":"elementor-flip-box--3d","padding_a":{"unit":"em","top":"1","right":"1","bottom":"1","left":"1","isLinked":true},"vertical_position_a":"middle","image_spacing":{"unit":"px","size":0},"image_border_radius":{"unit":"px","size":150},"title_color_a":"#6ac4af","title_typography_a_typography":"custom","title_typography_a_font_family":"Oswald","title_typography_a_font_size":{"unit":"px","size":18},"title_typography_a_font_weight":"400","title_typography_a_letter_spacing":{"unit":"px","size":1},"padding_b":{"unit":"px","top":"20","right":"20","bottom":"20","left":"20","isLinked":true},"vertical_position_b":"middle","title_color_b":"#ffffff","title_typography_b_typography":"custom","title_typography_b_font_family":"Proza Libre","title_typography_b_font_size":{"unit":"rem","size":1.4},"title_typography_b_font_weight":"400","title_typography_b_letter_spacing":{"unit":"px","size":0.5},"description_color_b":"#ffffff","description_typography_b_typography":"custom","description_typography_b_font_family":"Proza Libre","description_typography_b_font_size":{"unit":"rem","size":0.9},"description_typography_b_font_weight":"400","description_typography_b_line_height":{"unit":"em","size":0.1},"button_typography_typography":"custom","button_typography_font_family":"Proza Libre","button_typography_font_size":{"unit":"rem","size":0.8},"button_typography_font_weight":"400","button_typography_text_transform":"uppercase","button_typography_font_style":"normal","button_text_color":"#ffffff","button_border_color":"#ffffff","button_border_width":{"unit":"px","size":1},"button_border_radius":{"unit":"px","size":0},"_box_shadow_box_shadow_type":"yes","_box_shadow_box_shadow":{"horizontal":0,"vertical":0,"blur":15,"spread":0,"color":"rgba(0,0,0,0.15)"},"link":{"url":"http:\/\/127.0.0.1\/wordpress\/product-category\/sony\/","is_external":"","nofollow":""},"height":{"unit":"px","size":230},"flip_effect":"zoom-in","title_typography_b_line_height":{"unit":"em","size":1},"description_spacing_b":{"unit":"px","size":40},"description_typography_b_text_transform":"uppercase","description_typography_b_letter_spacing":{"unit":"px","size":0.5},"_css_classes":"envato-kit-69-flip-btn"},"elements":[],"isInner":false,"widgetType":"flip-box","elType":"widget"}],"isInner":true,"elType":"column"},{"id":"5807e0fa","settings":{"_column_size":50,"_inline_size":null,"content_position":"top","padding":{"unit":"em","top":"1","right":"1","bottom":"1","left":"1","isLinked":true}},"elements":[{"id":"73641c2","settings":{"graphic_element":"image","image":{"id":1857,"url":"http:\/\/127.0.0.1\/wordpress\/wp-content\/uploads\/2021\/07\/MICROSOFT-LOGO-500x500-1.jpg"},"image_custom_dimension":{"width":"150","height":"150"},"title_text_a":"","description_text_a":"","background_a_background":"classic","background_a_color":"#ffffff","title_text_b":"Microsoft","description_text_b":"Console accessories","button_text":"Click Here","background_b_background":"classic","background_b_color":"#3c8fb2","flip_direction":"right","flip_3d":"elementor-flip-box--3d","padding_a":{"unit":"em","top":"1","right":"1","bottom":"1","left":"1","isLinked":true},"vertical_position_a":"middle","image_spacing":{"unit":"px","size":0},"image_border_radius":{"unit":"px","size":150},"title_color_a":"#6ac4af","title_typography_a_typography":"custom","title_typography_a_font_family":"Oswald","title_typography_a_font_size":{"unit":"px","size":18},"title_typography_a_font_weight":"400","title_typography_a_letter_spacing":{"unit":"px","size":1},"padding_b":{"unit":"px","top":"20","right":"20","bottom":"20","left":"20","isLinked":true},"vertical_position_b":"middle","title_color_b":"#ffffff","title_typography_b_typography":"custom","title_typography_b_font_family":"Proza Libre","title_typography_b_font_size":{"unit":"rem","size":1.4},"title_typography_b_font_weight":"400","title_typography_b_letter_spacing":{"unit":"px","size":0.5},"description_color_b":"#ffffff","description_typography_b_typography":"custom","description_typography_b_font_family":"Proza Libre","description_typography_b_font_size":{"unit":"rem","size":0.9},"description_typography_b_font_weight":"400","description_typography_b_line_height":{"unit":"em","size":0.1},"button_typography_typography":"custom","button_typography_font_family":"Proza Libre","button_typography_font_size":{"unit":"rem","size":0.8},"button_typography_font_weight":"400","button_typography_text_transform":"uppercase","button_typography_font_style":"normal","button_text_color":"#ffffff","button_border_color":"#ffffff","button_border_width":{"unit":"px","size":1},"button_border_radius":{"unit":"px","size":0},"_box_shadow_box_shadow_type":"yes","_box_shadow_box_shadow":{"horizontal":0,"vertical":0,"blur":15,"spread":0,"color":"rgba(0,0,0,0.15)"},"link":{"url":"http:\/\/127.0.0.1\/wordpress\/product-category\/microsoft\/","is_external":"","nofollow":""},"height":{"unit":"px","size":230},"flip_effect":"zoom-in","title_typography_b_line_height":{"unit":"em","size":1},"description_spacing_b":{"unit":"px","size":40},"description_typography_b_text_transform":"uppercase","description_typography_b_letter_spacing":{"unit":"px","size":0.5},"_css_classes":"envato-kit-69-flip-btn"},"elements":[],"isInner":false,"widgetType":"flip-box","elType":"widget"}],"isInner":true,"elType":"column"}],"isInner":true,"elType":"section"},{"id":"6f21f47c","settings":{"structure":"20","margin":{"unit":"px","top":"0","right":0,"bottom":"0","left":0,"isLinked":true}},"elements":[{"id":"1bb63ccf","settings":{"_column_size":50,"_inline_size":null,"padding":{"unit":"em","top":"1","right":"1","bottom":"1","left":"1","isLinked":true}},"elements":[{"id":"4f62160a","settings":{"graphic_element":"image","image":{"id":1859,"url":"http:\/\/127.0.0.1\/wordpress\/wp-content\/uploads\/2021\/07\/1ce05b0eb955f57efea23541f7431fba.png"},"image_custom_dimension":{"width":"150","height":"150"},"title_text_a":"","description_text_a":"","background_a_background":"classic","background_a_color":"#ffffff","title_text_b":"Acer","description_text_b":"Gaming Headsets","button_text":"Click Here","background_b_background":"classic","background_b_color":"#3c8fb2","flip_direction":"right","flip_3d":"elementor-flip-box--3d","padding_a":{"unit":"em","top":"1","right":"1","bottom":"1","left":"1","isLinked":true},"vertical_position_a":"middle","image_spacing":{"unit":"px","size":0},"image_border_radius":{"unit":"px","size":150},"title_color_a":"#6ac4af","title_typography_a_typography":"custom","title_typography_a_font_family":"Oswald","title_typography_a_font_size":{"unit":"px","size":18},"title_typography_a_font_weight":"400","title_typography_a_letter_spacing":{"unit":"px","size":1},"padding_b":{"unit":"px","top":"20","right":"20","bottom":"20","left":"20","isLinked":true},"vertical_position_b":"middle","title_color_b":"#ffffff","title_typography_b_typography":"custom","title_typography_b_font_family":"Proza Libre","title_typography_b_font_size":{"unit":"rem","size":1.4},"title_typography_b_font_weight":"400","title_typography_b_letter_spacing":{"unit":"px","size":0.5},"description_color_b":"#ffffff","description_typography_b_typography":"custom","description_typography_b_font_family":"Proza Libre","description_typography_b_font_size":{"unit":"rem","size":0.9},"description_typography_b_font_weight":"400","description_typography_b_line_height":{"unit":"em","size":0.1},"button_typography_typography":"custom","button_typography_font_family":"Proza Libre","button_typography_font_size":{"unit":"rem","size":0.8},"button_typography_font_weight":"400","button_typography_text_transform":"uppercase","button_typography_font_style":"normal","button_text_color":"#ffffff","button_border_color":"#ffffff","button_border_width":{"unit":"px","size":1},"button_border_radius":{"unit":"px","size":0},"_box_shadow_box_shadow_type":"yes","_box_shadow_box_shadow":{"horizontal":0,"vertical":0,"blur":15,"spread":0,"color":"rgba(0,0,0,0.15)"},"link":{"url":"http:\/\/127.0.0.1\/wordpress\/product-category\/acer\/","is_external":"","nofollow":""},"height":{"unit":"px","size":230},"flip_effect":"zoom-in","title_typography_b_line_height":{"unit":"em","size":1},"description_spacing_b":{"unit":"px","size":40},"description_typography_b_text_transform":"uppercase","description_typography_b_letter_spacing":{"unit":"px","size":0.5},"_css_classes":"envato-kit-69-flip-btn"},"elements":[],"isInner":false,"widgetType":"flip-box","elType":"widget"}],"isInner":true,"elType":"column"},{"id":"39c63c18","settings":{"_column_size":50,"_inline_size":null,"content_position":"top","padding":{"unit":"em","top":"1","right":"1","bottom":"1","left":"1","isLinked":true}},"elements":[{"id":"3e27ffd5","settings":{"graphic_element":"image","image":{"id":1860,"url":"http:\/\/127.0.0.1\/wordpress\/wp-content\/uploads\/2021\/07\/84498994_1394013110781017_2674790793113239552_n.png"},"image_custom_dimension":{"width":"150","height":"150"},"title_text_a":"","description_text_a":"","background_a_background":"classic","background_a_color":"#ffffff","title_text_b":"Green Soul","description_text_b":"Gaming Chairs","button_text":"Click Here","background_b_background":"classic","background_b_color":"#3c8fb2","flip_direction":"right","flip_3d":"elementor-flip-box--3d","padding_a":{"unit":"em","top":"1","right":"1","bottom":"1","left":"1","isLinked":true},"vertical_position_a":"middle","image_spacing":{"unit":"px","size":0},"image_border_radius":{"unit":"px","size":150},"title_color_a":"#6ac4af","title_typography_a_typography":"custom","title_typography_a_font_family":"Oswald","title_typography_a_font_size":{"unit":"px","size":18},"title_typography_a_font_weight":"400","title_typography_a_letter_spacing":{"unit":"px","size":1},"padding_b":{"unit":"px","top":"20","right":"20","bottom":"20","left":"20","isLinked":true},"vertical_position_b":"middle","title_color_b":"#ffffff","title_typography_b_typography":"custom","title_typography_b_font_family":"Proza Libre","title_typography_b_font_size":{"unit":"rem","size":1.4},"title_typography_b_font_weight":"400","title_typography_b_letter_spacing":{"unit":"px","size":0.5},"description_color_b":"#ffffff","description_typography_b_typography":"custom","description_typography_b_font_family":"Proza Libre","description_typography_b_font_size":{"unit":"rem","size":0.9},"description_typography_b_font_weight":"400","description_typography_b_line_height":{"unit":"em","size":0.1},"button_typography_typography":"custom","button_typography_font_family":"Proza Libre","button_typography_font_size":{"unit":"rem","size":0.8},"button_typography_font_weight":"400","button_typography_text_transform":"uppercase","button_typography_font_style":"normal","button_text_color":"#ffffff","button_border_color":"#ffffff","button_border_width":{"unit":"px","size":1},"button_border_radius":{"unit":"px","size":0},"_box_shadow_box_shadow_type":"yes","_box_shadow_box_shadow":{"horizontal":0,"vertical":0,"blur":15,"spread":0,"color":"rgba(0,0,0,0.15)"},"link":{"url":"http:\/\/127.0.0.1\/wordpress\/product-category\/green-soul\/","is_external":"","nofollow":""},"height":{"unit":"px","size":230},"flip_effect":"zoom-in","title_typography_b_line_height":{"unit":"em","size":1},"description_spacing_b":{"unit":"px","size":40},"description_typography_b_text_transform":"uppercase","description_typography_b_letter_spacing":{"unit":"px","size":0.5},"_css_classes":"envato-kit-69-flip-btn"},"elements":[],"isInner":false,"widgetType":"flip-box","elType":"widget"}],"isInner":true,"elType":"column"}],"isInner":true,"elType":"section"}],"isInner":false,"elType":"column"}],"isInner":false,"elType":"section"},{"id":"3cf4cc0c","settings":{"background_background":"classic","background_color":"#00052B","background_image":{"url":"http:\/\/127.0.0.1\/wordpress\/wp-content\/uploads\/2021\/07\/pattern1.jpg","id":1760},"background_position":"bottom right","background_attachment":"fixed","background_overlay_background":"classic","background_overlay_color":"#00052B"},"elements":[{"id":"46f69daa","settings":{"_column_size":100,"_inline_size":null},"elements":[{"id":"3e5194a5","settings":{"text":"Divider","color":"#FFFFFF","weight":{"unit":"px","size":2.9,"sizes":[]}},"elements":[],"isInner":false,"widgetType":"divider","elType":"widget"}],"isInner":false,"elType":"column"}],"isInner":false,"elType":"section"},{"id":"55ae98ca","settings":{"custom_height":{"unit":"vh","size":100},"column_position":"bottom","background_background":"classic","background_position":"bottom right","background_overlay_background":"classic","background_overlay_color":"#00052B","background_overlay_opacity":{"unit":"px","size":0.5},"content_width":{"unit":"px","size":1400},"stretch_section":"section-stretched","background_color":"#00052B","background_image":{"url":"http:\/\/127.0.0.1\/wordpress\/wp-content\/uploads\/2021\/07\/Yg2MJl.jpg","id":2124},"background_attachment":"fixed","layout":"full_width"},"elements":[{"id":"467b0830","settings":{"_column_size":100,"_inline_size":null,"background_background":"classic","padding":{"unit":"px","top":"80","right":"50","bottom":"80","left":"80","isLinked":false},"padding_mobile":{"unit":"px","top":"15","right":"15","bottom":"15","left":"15","isLinked":true}},"elements":[{"id":"31d1c22a","settings":{"content_width":{"unit":"px","size":700},"background_background":"classic","background_color":"#00052B","background_image":{"url":"http:\/\/127.0.0.1\/wordpress\/wp-content\/uploads\/2021\/07\/Yg2MJl.jpg","id":2124},"background_position":"bottom right","background_attachment":"fixed","background_overlay_background":"classic","background_overlay_color":"#00052B"},"elements":[{"id":"5c782f31","settings":{"_column_size":100,"_inline_size":null},"elements":[{"id":"35aa10fd","settings":{"title":"Testimonials","title_color":"#FFFFFF","typography_typography":"custom","typography_font_size":{"unit":"em","size":3.8},"align":"center","typography_font_size_tablet":{"unit":"em","size":3.5},"typography_font_family":"Nunito Sans","align_mobile":"center","typography_font_size_mobile":{"unit":"em","size":2.5},"typography_font_weight":"800","typography_line_height":{"unit":"em","size":1}},"elements":[],"isInner":false,"widgetType":"heading","elType":"widget"},{"id":"5b27ad37","settings":{"weight":{"unit":"px","size":3},"color":"#ffab00","width_tablet":{"unit":"px","size":""},"align":"center","gap":{"unit":"px","size":2},"width_mobile":{"unit":"px","size":72},"align_mobile":"center","width":{"unit":"px","size":72},"text":"Divider"},"elements":[],"isInner":false,"widgetType":"divider","elType":"widget"}],"isInner":true,"elType":"column"}],"isInner":true,"elType":"section"},{"id":"2c0dd0b8","settings":{"space":{"unit":"px","size":30}},"elements":[],"isInner":false,"widgetType":"spacer","elType":"widget"},{"id":"6b700987","settings":{"structure":"30","layout":"full_width"},"elements":[{"id":"398189c9","settings":{"_column_size":33,"_inline_size":null,"_inline_size_tablet":100},"elements":[{"id":"3bf827e7","settings":{"testimonial_content":"<p>\"Lorem ipsum dolor sit amet, consectetur adipiscing elit. Vivamus ultrices ligula est, at mattis orci varius quis. <span style=\"font-size: 1.1em;\"><\/span><\/p>","testimonial_image":{"id":1778,"url":"http:\/\/127.0.0.1\/wordpress\/wp-content\/uploads\/2021\/07\/boy-face-avatar-cartoon-free-vector.jpg"},"testimonial_name":"Gon Freecs","testimonial_job":"Customer","testimonial_image_position":"top","content_content_color":"#ffffff","content_typography_typography":"custom","content_typography_font_size":{"unit":"em","size":1.1},"content_typography_line_height":{"unit":"em","size":1.7},"image_size":{"unit":"px","size":97},"name_text_color":"#ffffff","job_text_color":"#ffffff","_padding":{"unit":"em","top":"2","right":"2","bottom":"2","left":"2","isLinked":true},"_background_background":"classic","_background_color":"#282828","_background_image":{"id":"1772","url":"http:\/\/127.0.0.1\/wordpress\/wp-content\/uploads\/2021\/07\/zz-testimonial3.png"},"_background_position":"top center","_background_repeat":"no-repeat","_border_border":"solid","_border_width":{"unit":"px","top":"0","right":"0","bottom":"0","left":"0","isLinked":true},"_border_color":"#f0f0f0","content_typography_font_family":"Nunito Sans","name_typography_typography":"custom","name_typography_font_family":"Nunito Sans","name_typography_font_size":{"unit":"em","size":1},"name_typography_letter_spacing":{"unit":"px","size":1},"job_typography_typography":"custom","job_typography_font_family":"Nunito","job_typography_font_size":{"unit":"em","size":0.7},"_border_radius":{"unit":"px","top":"0","right":"0","bottom":"0","left":"0","isLinked":true},"content_typography_font_style":"italic","image_border_radius":{"unit":"px","top":"0","right":"0","bottom":"0","left":"0","isLinked":true},"job_typography_text_transform":"uppercase","job_typography_line_height":{"unit":"em","size":2.1},"job_typography_letter_spacing":{"unit":"px","size":1}},"elements":[],"isInner":false,"widgetType":"testimonial","elType":"widget"}],"isInner":true,"elType":"column"},{"id":"1ab53224","settings":{"_column_size":33,"_inline_size":null,"_inline_size_tablet":100},"elements":[{"id":"12ea14a0","settings":{"testimonial_content":"<p>\"Lorem ipsum dolor sit amet, consectetur adipiscing elit. Vivamus ultrices ligula est, at mattis orci varius quis. Nullam non erat neque. Maecenas a ipsum a odio interdum lacinia.<span style=\"font-size: 1.1em;\"><\/span><\/p>","testimonial_image":{"id":"1773","url":"http:\/\/127.0.0.1\/wordpress\/wp-content\/uploads\/2021\/07\/zz-teammember2.jpg"},"testimonial_name":"Emily Watson","testimonial_job":"Customer","testimonial_image_position":"top","content_content_color":"#ffffff","content_typography_typography":"custom","content_typography_font_size":{"unit":"em","size":1.1},"content_typography_line_height":{"unit":"em","size":1.7},"image_size":{"unit":"px","size":97},"name_text_color":"#ffffff","job_text_color":"#ffffff","_padding":{"unit":"em","top":"2","right":"2","bottom":"2","left":"2","isLinked":true},"_background_background":"classic","_background_color":"#282828","_background_image":{"id":"1772","url":"http:\/\/127.0.0.1\/wordpress\/wp-content\/uploads\/2021\/07\/zz-testimonial3.png"},"_background_position":"top center","_background_repeat":"no-repeat","_border_border":"solid","_border_width":{"unit":"px","top":"0","right":"0","bottom":"0","left":"0","isLinked":true},"_border_color":"#f0f0f0","content_typography_font_family":"Nunito Sans","name_typography_typography":"custom","name_typography_font_family":"Nunito Sans","name_typography_font_size":{"unit":"em","size":1},"name_typography_letter_spacing":{"unit":"px","size":1},"job_typography_typography":"custom","job_typography_font_family":"Nunito","job_typography_font_size":{"unit":"em","size":0.7},"_border_radius":{"unit":"px","top":"0","right":"0","bottom":"0","left":"0","isLinked":true},"content_typography_font_style":"italic","image_border_radius":{"unit":"px","top":"0","right":"0","bottom":"0","left":"0","isLinked":true},"job_typography_text_transform":"uppercase","job_typography_line_height":{"unit":"em","size":2.1},"job_typography_letter_spacing":{"unit":"px","size":1}},"elements":[],"isInner":false,"widgetType":"testimonial","elType":"widget"}],"isInner":true,"elType":"column"},{"id":"42e92831","settings":{"_column_size":33,"_inline_size":null,"_inline_size_tablet":100},"elements":[{"id":"6b4fa4b9","settings":{"testimonial_content":"<p>\"Lorem ipsum dolor sit amet, consectetur adipiscing elit. Vivamus ultrices ligula est, at mattis orci varius quis. Nullam non erat.<span style=\"font-size: 1.1em;\"><\/span><\/p>","testimonial_image":{"id":"1774","url":"http:\/\/127.0.0.1\/wordpress\/wp-content\/uploads\/2021\/07\/zz-teammember3.jpg"},"testimonial_name":"Rachel ","testimonial_job":"Customer","testimonial_image_position":"top","content_content_color":"#ffffff","content_typography_typography":"custom","content_typography_font_size":{"unit":"em","size":1.1},"content_typography_line_height":{"unit":"em","size":1.7},"image_size":{"unit":"px","size":97},"name_text_color":"#ffffff","job_text_color":"#ffffff","_padding":{"unit":"em","top":"2","right":"2","bottom":"2","left":"2","isLinked":true},"_background_background":"classic","_background_color":"#282828","_background_image":{"id":"1772","url":"http:\/\/127.0.0.1\/wordpress\/wp-content\/uploads\/2021\/07\/zz-testimonial3.png"},"_background_position":"top center","_background_repeat":"no-repeat","_border_border":"solid","_border_width":{"unit":"px","top":"0","right":"0","bottom":"0","left":"0","isLinked":true},"_border_color":"#f0f0f0","content_typography_font_family":"Nunito Sans","name_typography_typography":"custom","name_typography_font_family":"Nunito Sans","name_typography_font_size":{"unit":"em","size":1},"name_typography_letter_spacing":{"unit":"px","size":1},"job_typography_typography":"custom","job_typography_font_family":"Nunito","job_typography_font_size":{"unit":"em","size":0.7},"_border_radius":{"unit":"px","top":"0","right":"0","bottom":"0","left":"0","isLinked":true},"content_typography_font_style":"italic","image_border_radius":{"unit":"px","top":"0","right":"0","bottom":"0","left":"0","isLinked":true},"job_typography_text_transform":"uppercase","job_typography_line_height":{"unit":"em","size":2.1},"job_typography_letter_spacing":{"unit":"px","size":1}},"elements":[],"isInner":false,"widgetType":"testimonial","elType":"widget"}],"isInner":true,"elType":"column"}],"isInner":true,"elType":"section"},{"id":"459eae95","settings":{"space":{"unit":"px","size":10}},"elements":[],"isInner":false,"widgetType":"spacer","elType":"widget"}],"isInner":false,"elType":"column"}],"isInner":false,"elType":"section"},{"id":"548f68ac","settings":{"background_background":"classic","background_color":"#00052B","background_image":{"url":"http:\/\/127.0.0.1\/wordpress\/wp-content\/uploads\/2021\/07\/pattern1.jpg","id":1760},"background_position":"bottom right","background_attachment":"fixed","background_overlay_background":"classic","background_overlay_color":"#00052B"},"elements":[{"id":"ee62c0b","settings":{"_column_size":100,"_inline_size":null},"elements":[{"id":"238c811c","settings":{"text":"Divider","color":"#FFFFFF","weight":{"unit":"px","size":2.9,"sizes":[]}},"elements":[],"isInner":false,"widgetType":"divider","elType":"widget"}],"isInner":false,"elType":"column"}],"isInner":false,"elType":"section"}],"settings":{"template":"elementor_canvas"}}