{"content":[{"id":"640d2a0d","settings":{"background_background":"classic","background_color":"#00052B","background_image":{"url":"http:\/\/127.0.0.1\/wordpress\/wp-content\/uploads\/2021\/07\/Yg2MJl.jpg","id":2124},"background_position":"bottom right","background_attachment":"fixed","background_overlay_background":"classic","background_overlay_color":"#00052B"},"elements":[{"id":"3fa3ca30","settings":{"_column_size":100,"_inline_size":null},"elements":[{"id":"19ea1377","settings":{"title":"GAMING ESTATE IS A TOP VIDEO GAME ACCESSORY COMPANY.","size":"xl","align":"center","title_color":"#FFFFFFF7","typography_typography":"custom","typography_font_family":"Rosarivo","typography_font_size":{"unit":"px","size":56,"sizes":[]},"typography_font_weight":"normal","text_shadow_text_shadow_type":"yes","text_shadow_text_shadow":{"horizontal":4,"vertical":7,"blur":10,"color":"rgba(224.40000915527344, 69.75913328087847, 69.75913328087847, 0.98)"},"blend_mode":"luminosity"},"elements":[],"isInner":false,"widgetType":"heading","elType":"widget"}],"isInner":false,"elType":"column"}],"isInner":false,"elType":"section"},{"id":"2e91cdc1","settings":{"background_background":"classic","background_color":"#000000","background_image":{"url":"http:\/\/127.0.0.1\/wordpress\/wp-content\/uploads\/2021\/07\/passionHeader.png","id":516},"background_position":"center center","background_repeat":"no-repeat","background_size":"cover"},"elements":[{"id":"44f74b90","settings":{"_column_size":100,"_inline_size":100,"content_position":"center","align":"center"},"elements":[{"id":"73550952","settings":[],"elements":[],"isInner":false,"widgetType":"spacer","elType":"widget"},{"id":"2c7b742c","settings":{"title":"Our Passion","header_size":"h1","align":"center","title_color":"#FFFFFFF7","typography_typography":"custom","typography_font_family":"Rosarivo","typography_font_size":{"unit":"px","size":59,"sizes":[]},"typography_font_weight":"bold"},"elements":[],"isInner":false,"widgetType":"heading","elType":"widget"},{"id":"78f2f7dd","settings":{"editor":"<p>Is to bring you products that help consumers engage and interact with the entertainment they love. Our industry leadership is due to our engineering expertise and experience developing advanced technology.<\/p>","align":"center","text_color":"#FFFFFF","typography_typography":"custom","typography_font_family":"Rosarivo","typography_font_size":{"unit":"px","size":19,"sizes":[]},"typography_font_weight":"400","_padding":{"unit":"%","top":"0","right":"25","bottom":"0","left":"25","isLinked":false}},"elements":[],"isInner":false,"widgetType":"text-editor","elType":"widget"}],"isInner":false,"elType":"column"}],"isInner":false,"elType":"section"},{"id":"4913140b","settings":{"background_background":"classic","background_color":"#00052B","background_image":{"url":"http:\/\/127.0.0.1\/wordpress\/wp-content\/uploads\/2021\/07\/Yg2MJl.jpg","id":2124},"background_position":"bottom right","background_attachment":"fixed","background_overlay_background":"classic","background_overlay_color":"#00052B"},"elements":[{"id":"3090ec1a","settings":{"_column_size":100,"_inline_size":null},"elements":[{"id":"252798d","settings":{"text":"Divider","color":"#FFFFFF"},"elements":[],"isInner":false,"widgetType":"divider","elType":"widget"},{"id":"6d6a2f4a","settings":{"image":{"url":"http:\/\/127.0.0.1\/wordpress\/wp-content\/uploads\/2021\/07\/About_Header_1920x430.jpg","id":520}},"elements":[],"isInner":false,"widgetType":"image","elType":"widget"},{"id":"5116aaf0","settings":{"text":"Divider","color":"#FFFFFF"},"elements":[],"isInner":false,"widgetType":"divider","elType":"widget"}],"isInner":false,"elType":"column"}],"isInner":false,"elType":"section"},{"id":"20c20b91","settings":{"background_background":"classic","background_image":{"url":"http:\/\/127.0.0.1\/wordpress\/wp-content\/uploads\/2021\/07\/infuseHeader_1.png","id":527},"background_position":"center center","background_repeat":"no-repeat","background_size":"auto"},"elements":[{"id":"2f6a60ec","settings":{"_column_size":100,"_inline_size":null},"elements":[{"id":"1026e0d0","settings":[],"elements":[],"isInner":false,"widgetType":"spacer","elType":"widget"},{"id":"4d870357","settings":{"title":"We Infuse","header_size":"h1","align":"center","title_color":"#FFFFFFF7","typography_typography":"custom","typography_font_family":"Rosarivo","typography_font_size":{"unit":"px","size":59,"sizes":[]},"typography_font_weight":"bold"},"elements":[],"isInner":false,"widgetType":"heading","elType":"widget"},{"id":"3cc9aed4","settings":{"editor":"<p>Our products with style and fun that allow consumers to stand out from the crowd.<\/p>","align":"center","text_color":"#FFFFFF","typography_typography":"custom","typography_font_family":"Rosarivo","typography_font_size":{"unit":"px","size":19,"sizes":[]},"typography_font_weight":"400","_padding":{"unit":"%","top":"0","right":"25","bottom":"0","left":"25","isLinked":false}},"elements":[],"isInner":false,"widgetType":"text-editor","elType":"widget"},{"id":"2b66a268","settings":[],"elements":[],"isInner":false,"widgetType":"spacer","elType":"widget"}],"isInner":false,"elType":"column"}],"isInner":false,"elType":"section"},{"id":"463f2a40","settings":{"background_background":"classic","background_color":"#00052B","background_image":{"url":"http:\/\/127.0.0.1\/wordpress\/wp-content\/uploads\/2021\/07\/Yg2MJl.jpg","id":2124},"background_position":"bottom right","background_attachment":"fixed","background_overlay_background":"classic","background_overlay_color":"#00052B"},"elements":[{"id":"4ca69532","settings":{"_column_size":100,"_inline_size":null},"elements":[{"id":"31cd9a14","settings":{"text":"Divider","color":"#FFFFFF"},"elements":[],"isInner":false,"widgetType":"divider","elType":"widget"},{"id":"586f0e4b","settings":{"image":{"url":"http:\/\/127.0.0.1\/wordpress\/wp-content\/uploads\/2021\/07\/About_Infuse.jpg","id":531},"image_size":"medium_large","width":{"unit":"%","size":100,"sizes":[]},"height":{"unit":"px","size":215,"sizes":[]}},"elements":[],"isInner":false,"widgetType":"image","elType":"widget"},{"id":"726c7995","settings":{"text":"Divider","color":"#FFFFFF"},"elements":[],"isInner":false,"widgetType":"divider","elType":"widget"}],"isInner":false,"elType":"column"}],"isInner":false,"elType":"section"},{"id":"3307372b","settings":{"background_background":"classic","background_image":{"url":"http:\/\/127.0.0.1\/wordpress\/wp-content\/uploads\/2021\/07\/productsHeader_1.png","id":532},"background_position":"center center","background_size":"cover","background_color":"#00052B","background_overlay_background":"classic","background_overlay_color":"#00052B"},"elements":[{"id":"1096dc96","settings":{"_column_size":100,"_inline_size":null},"elements":[{"id":"1b9dfc36","settings":[],"elements":[],"isInner":false,"widgetType":"spacer","elType":"widget"},{"id":"3168b19e","settings":{"title":"Our Products","header_size":"h1","align":"center","title_color":"#FFFFFFF7","typography_typography":"custom","typography_font_family":"Rosarivo","typography_font_size":{"unit":"px","size":59,"sizes":[]},"typography_font_weight":"bold"},"elements":[],"isInner":false,"widgetType":"heading","elType":"widget"},{"id":"4bd7b47e","settings":{"editor":"<p>Are built to be durable and comfortable for long play sessions, short online multiplayer battles, watching a movie or listening to music.<\/p>","align":"center","text_color":"#FFFFFF","typography_typography":"custom","typography_font_family":"Rosarivo","typography_font_size":{"unit":"px","size":19,"sizes":[]},"typography_font_weight":"400","_padding":{"unit":"%","top":"0","right":"25","bottom":"0","left":"25","isLinked":false}},"elements":[],"isInner":false,"widgetType":"text-editor","elType":"widget"}],"isInner":false,"elType":"column"}],"isInner":false,"elType":"section"},{"id":"40c77a69","settings":{"background_background":"classic","background_color":"#00052B","background_image":{"url":"http:\/\/127.0.0.1\/wordpress\/wp-content\/uploads\/2021\/07\/Yg2MJl.jpg","id":2124},"background_position":"bottom right","background_attachment":"fixed","background_overlay_background":"classic","background_overlay_color":"#00052B"},"elements":[{"id":"1239bbe8","settings":{"_column_size":100,"_inline_size":null},"elements":[{"id":"699ff23a","settings":{"text":"Divider","color":"#FFFFFF"},"elements":[],"isInner":false,"widgetType":"divider","elType":"widget"},{"id":"7a6367c3","settings":{"image":{"url":"http:\/\/127.0.0.1\/wordpress\/wp-content\/uploads\/2021\/07\/About_Passion.jpg","id":542},"image_size":"medium_large","align":"center","width":{"unit":"%","size":100,"sizes":[]},"height":{"unit":"px","size":184,"sizes":[]}},"elements":[],"isInner":false,"widgetType":"image","elType":"widget"},{"id":"415f7ac8","settings":{"text":"Divider","color":"#FFFFFF"},"elements":[],"isInner":false,"widgetType":"divider","elType":"widget"}],"isInner":false,"elType":"column"}],"isInner":false,"elType":"section"},{"id":"3750520f","settings":{"background_background":"classic","background_image":{"url":"http:\/\/127.0.0.1\/wordpress\/wp-content\/uploads\/2021\/07\/workHeader.png","id":546},"background_position":"center center","background_repeat":"no-repeat","background_size":"cover","background_color":"#00052B","background_overlay_background":"classic","background_overlay_color":"#00052B"},"elements":[{"id":"55d16657","settings":{"_column_size":100,"_inline_size":null},"elements":[{"id":"494a90ee","settings":[],"elements":[],"isInner":false,"widgetType":"spacer","elType":"widget"},{"id":"2568d218","settings":{"title":"We Work","header_size":"h1","align":"center","title_color":"#FFFFFFF7","typography_typography":"custom","typography_font_family":"Rosarivo","typography_font_size":{"unit":"px","size":59,"sizes":[]},"typography_font_weight":"bold"},"elements":[],"isInner":false,"widgetType":"heading","elType":"widget"},{"id":"460f3df4","settings":{"editor":"<p>With the best technology partners and top entertainment brands to create an outstanding experience for our consumers.<\/p>","align":"center","text_color":"#FFFFFF","typography_typography":"custom","typography_font_family":"Rosarivo","typography_font_size":{"unit":"px","size":19,"sizes":[]},"typography_font_weight":"400","_padding":{"unit":"%","top":"0","right":"25","bottom":"0","left":"25","isLinked":false}},"elements":[],"isInner":false,"widgetType":"text-editor","elType":"widget"},{"id":"64d14f1","settings":[],"elements":[],"isInner":false,"widgetType":"spacer","elType":"widget"}],"isInner":false,"elType":"column"}],"isInner":false,"elType":"section"},{"id":"3d84195d","settings":{"background_background":"classic","background_image":{"url":"http:\/\/127.0.0.1\/wordpress\/wp-content\/uploads\/2021\/07\/Yg2MJl.jpg","id":2124},"background_position":"center right","background_attachment":"fixed","background_overlay_background":"classic","background_overlay_color":"#00052B"},"elements":[{"id":"7236865c","settings":{"_column_size":100,"_inline_size":null},"elements":[{"id":"4a744e46","settings":{"text":"Divider","color":"#FFFFFF"},"elements":[],"isInner":false,"widgetType":"divider","elType":"widget"},{"id":"7aa9aee4","settings":{"image":{"url":"http:\/\/127.0.0.1\/wordpress\/wp-content\/uploads\/2021\/07\/About_Work.jpg","id":547},"image_size":"medium_large","align":"center","width":{"unit":"%","size":100,"sizes":[]},"height":{"unit":"px","size":189,"sizes":[]}},"elements":[],"isInner":false,"widgetType":"image","elType":"widget"},{"id":"311a6d25","settings":{"text":"Divider","color":"#FFFFFF"},"elements":[],"isInner":false,"widgetType":"divider","elType":"widget"}],"isInner":false,"elType":"column"}],"isInner":false,"elType":"section"}],"settings":{"template":"elementor_canvas"}}