{"content":[],"settings":{"template":"default","default_generic_fonts":"Sans-serif","container_width":{"unit":"px","size":"1200","sizes":[]},"custom_colors":[{"_id":"5db62532","title":"Saved Color #3","color":"#4E5768"},{"_id":"ce059a6","title":"Saved Color #4","color":"#75C32C"},{"_id":"17d6582f","title":"Saved Color #5","color":"#4054B2"},{"_id":"75d9c30b","title":"Saved Color #6","color":"#23A455"},{"_id":"6dde6ee4","title":"Saved Color #7","color":"#000"},{"_id":"6334c908","title":"Saved Color #8","color":"#FFF"}],"system_colors":[{"_id":"primary","title":"Primary","color":"#6EC1E4"},{"_id":"secondary","title":"Secondary","color":"#54595F"},{"_id":"text","title":"Text","color":"#7A7A7A"},{"_id":"accent","title":"Accent","color":"#61CE70"}],"system_typography":[{"_id":"primary","title":"Primary","typography_typography":"custom","typography_font_family":"Roboto","typography_font_weight":"600"},{"_id":"secondary","title":"Secondary","typography_typography":"custom","typography_font_family":"Roboto Slab","typography_font_weight":"400"},{"_id":"text","title":"Text","typography_typography":"custom","typography_font_family":"Roboto","typography_font_weight":"400"},{"_id":"accent","title":"Accent","typography_typography":"custom","typography_font_family":"Roboto","typography_font_weight":"500"}],"custom_typography":[],"site_name":"Gaming Estate","site_description":"The place for all your gaming needs","page_title_selector":"h1.entry-title","viewport_md":768,"viewport_lg":1025,"body_background_background":"classic","body_background_position":"top center","body_background_attachment":"scroll","body_background_size":"contain","body_background_color":"#00052B","body_background_image":{"url":"http:\/\/127.0.0.1\/wordpress\/wp-content\/uploads\/2021\/07\/pattern1.jpg","id":1760},"site_logo":{"url":"http:\/\/127.0.0.1\/wordpress\/wp-content\/uploads\/2020\/02\/Untitled-removebg-preview.jpg","id":2129},"site_favicon":{"url":"http:\/\/127.0.0.1\/wordpress\/wp-content\/uploads\/2020\/02\/Untitled-removebg-preview.jpg","id":2129}}}