{"content":[{"id":"469f08ff","settings":{"background_background":"classic","background_color":"#00052B","background_image":{"url":"http:\/\/127.0.0.1\/wordpress\/wp-content\/uploads\/2021\/07\/Yg2MJl.jpg","id":2124},"background_position":"bottom right","background_attachment":"fixed","background_overlay_background":"classic","background_overlay_color":"#00052B"},"elements":[{"id":"164a375","settings":{"_column_size":100,"_inline_size":null},"elements":[{"id":"41137b2e","settings":{"title":"GAMING ESTATE IS A TOP VIDEO GAME ACCESSORY COMPANY.","size":"xl","align":"center","title_color":"#FFFFFFF7","typography_typography":"custom","typography_font_family":"Rosarivo","typography_font_size":{"unit":"px","size":56,"sizes":[]},"typography_font_weight":"normal","text_shadow_text_shadow_type":"yes","text_shadow_text_shadow":{"horizontal":4,"vertical":7,"blur":10,"color":"rgba(224.40000915527344, 69.75913328087847, 69.75913328087847, 0.98)"},"blend_mode":"luminosity"},"elements":[],"isInner":false,"widgetType":"heading","elType":"widget"}],"isInner":false,"elType":"column"}],"isInner":false,"elType":"section"},{"id":"65483c47","settings":{"background_background":"classic","background_color":"#000000","background_image":{"url":"http:\/\/127.0.0.1\/wordpress\/wp-content\/uploads\/2021\/07\/passionHeader.png","id":516},"background_position":"center center","background_repeat":"no-repeat","background_size":"cover"},"elements":[{"id":"5a47fbad","settings":{"_column_size":100,"_inline_size":100,"content_position":"center","align":"center"},"elements":[{"id":"400aa4a3","settings":[],"elements":[],"isInner":false,"widgetType":"spacer","elType":"widget"},{"id":"12d3667f","settings":{"title":"Our Passion","header_size":"h1","align":"center","title_color":"#FFFFFFF7","typography_typography":"custom","typography_font_family":"Rosarivo","typography_font_size":{"unit":"px","size":59,"sizes":[]},"typography_font_weight":"bold"},"elements":[],"isInner":false,"widgetType":"heading","elType":"widget"},{"id":"21bdc2e","settings":{"editor":"<p>Is to bring you products that help consumers engage and interact with the entertainment they love. Our industry leadership is due to our engineering expertise and experience developing advanced technology.<\/p>","align":"center","text_color":"#FFFFFF","typography_typography":"custom","typography_font_family":"Rosarivo","typography_font_size":{"unit":"px","size":19,"sizes":[]},"typography_font_weight":"400","_padding":{"unit":"%","top":"0","right":"25","bottom":"0","left":"25","isLinked":false}},"elements":[],"isInner":false,"widgetType":"text-editor","elType":"widget"}],"isInner":false,"elType":"column"}],"isInner":false,"elType":"section"},{"id":"67cab051","settings":{"background_background":"classic","background_color":"#00052B","background_image":{"url":"http:\/\/127.0.0.1\/wordpress\/wp-content\/uploads\/2021\/07\/Yg2MJl.jpg","id":2124},"background_position":"bottom right","background_attachment":"fixed","background_overlay_background":"classic","background_overlay_color":"#00052B"},"elements":[{"id":"f7ba05d","settings":{"_column_size":100,"_inline_size":null},"elements":[{"id":"2a82c729","settings":{"text":"Divider","color":"#FFFFFF"},"elements":[],"isInner":false,"widgetType":"divider","elType":"widget"},{"id":"789b851f","settings":{"image":{"url":"http:\/\/127.0.0.1\/wordpress\/wp-content\/uploads\/2021\/07\/About_Header_1920x430.jpg","id":520}},"elements":[],"isInner":false,"widgetType":"image","elType":"widget"},{"id":"d1401e","settings":{"text":"Divider","color":"#FFFFFF"},"elements":[],"isInner":false,"widgetType":"divider","elType":"widget"}],"isInner":false,"elType":"column"}],"isInner":false,"elType":"section"},{"id":"6675f9df","settings":{"background_background":"classic","background_image":{"url":"http:\/\/127.0.0.1\/wordpress\/wp-content\/uploads\/2021\/07\/infuseHeader_1.png","id":527},"background_position":"center center","background_repeat":"no-repeat","background_size":"auto"},"elements":[{"id":"7c6f225f","settings":{"_column_size":100,"_inline_size":null},"elements":[{"id":"552159c6","settings":[],"elements":[],"isInner":false,"widgetType":"spacer","elType":"widget"},{"id":"56757430","settings":{"title":"We Infuse","header_size":"h1","align":"center","title_color":"#FFFFFFF7","typography_typography":"custom","typography_font_family":"Rosarivo","typography_font_size":{"unit":"px","size":59,"sizes":[]},"typography_font_weight":"bold"},"elements":[],"isInner":false,"widgetType":"heading","elType":"widget"},{"id":"5b40761d","settings":{"editor":"<p>Our products with style and fun that allow consumers to stand out from the crowd.<\/p>","align":"center","text_color":"#FFFFFF","typography_typography":"custom","typography_font_family":"Rosarivo","typography_font_size":{"unit":"px","size":19,"sizes":[]},"typography_font_weight":"400","_padding":{"unit":"%","top":"0","right":"25","bottom":"0","left":"25","isLinked":false}},"elements":[],"isInner":false,"widgetType":"text-editor","elType":"widget"},{"id":"6db49fc8","settings":[],"elements":[],"isInner":false,"widgetType":"spacer","elType":"widget"}],"isInner":false,"elType":"column"}],"isInner":false,"elType":"section"},{"id":"35743400","settings":{"background_background":"classic","background_color":"#00052B","background_image":{"url":"http:\/\/127.0.0.1\/wordpress\/wp-content\/uploads\/2021\/07\/Yg2MJl.jpg","id":2124},"background_position":"bottom right","background_attachment":"fixed","background_overlay_background":"classic","background_overlay_color":"#00052B"},"elements":[{"id":"2c995dac","settings":{"_column_size":100,"_inline_size":null},"elements":[{"id":"4953c7f9","settings":{"text":"Divider","color":"#FFFFFF"},"elements":[],"isInner":false,"widgetType":"divider","elType":"widget"},{"id":"44a5e147","settings":{"image":{"url":"http:\/\/127.0.0.1\/wordpress\/wp-content\/uploads\/2021\/07\/About_Infuse.jpg","id":531},"image_size":"medium_large","width":{"unit":"%","size":100,"sizes":[]},"height":{"unit":"px","size":215,"sizes":[]}},"elements":[],"isInner":false,"widgetType":"image","elType":"widget"},{"id":"36b081d6","settings":{"text":"Divider","color":"#FFFFFF"},"elements":[],"isInner":false,"widgetType":"divider","elType":"widget"}],"isInner":false,"elType":"column"}],"isInner":false,"elType":"section"},{"id":"3ea357a","settings":{"background_background":"classic","background_image":{"url":"http:\/\/127.0.0.1\/wordpress\/wp-content\/uploads\/2021\/07\/productsHeader_1.png","id":532},"background_position":"center center","background_size":"cover","background_color":"#00052B","background_overlay_background":"classic","background_overlay_color":"#00052B"},"elements":[{"id":"2af61da4","settings":{"_column_size":100,"_inline_size":null},"elements":[{"id":"2a6d59d1","settings":[],"elements":[],"isInner":false,"widgetType":"spacer","elType":"widget"},{"id":"66f5eda9","settings":{"title":"Our Products","header_size":"h1","align":"center","title_color":"#FFFFFFF7","typography_typography":"custom","typography_font_family":"Rosarivo","typography_font_size":{"unit":"px","size":59,"sizes":[]},"typography_font_weight":"bold"},"elements":[],"isInner":false,"widgetType":"heading","elType":"widget"},{"id":"745f2bb3","settings":{"editor":"<p>Are built to be durable and comfortable for long play sessions, short online multiplayer battles, watching a movie or listening to music.<\/p>","align":"center","text_color":"#FFFFFF","typography_typography":"custom","typography_font_family":"Rosarivo","typography_font_size":{"unit":"px","size":19,"sizes":[]},"typography_font_weight":"400","_padding":{"unit":"%","top":"0","right":"25","bottom":"0","left":"25","isLinked":false}},"elements":[],"isInner":false,"widgetType":"text-editor","elType":"widget"}],"isInner":false,"elType":"column"}],"isInner":false,"elType":"section"},{"id":"191ff746","settings":{"background_background":"classic","background_color":"#00052B","background_image":{"url":"http:\/\/127.0.0.1\/wordpress\/wp-content\/uploads\/2021\/07\/Yg2MJl.jpg","id":2124},"background_position":"bottom right","background_attachment":"fixed","background_overlay_background":"classic","background_overlay_color":"#00052B"},"elements":[{"id":"5edf69d3","settings":{"_column_size":100,"_inline_size":null},"elements":[{"id":"73bb61ac","settings":{"text":"Divider","color":"#FFFFFF"},"elements":[],"isInner":false,"widgetType":"divider","elType":"widget"},{"id":"369e5634","settings":{"image":{"url":"http:\/\/127.0.0.1\/wordpress\/wp-content\/uploads\/2021\/07\/About_Passion.jpg","id":542},"image_size":"medium_large","align":"center","width":{"unit":"%","size":100,"sizes":[]},"height":{"unit":"px","size":184,"sizes":[]}},"elements":[],"isInner":false,"widgetType":"image","elType":"widget"},{"id":"5506d5a0","settings":{"text":"Divider","color":"#FFFFFF"},"elements":[],"isInner":false,"widgetType":"divider","elType":"widget"}],"isInner":false,"elType":"column"}],"isInner":false,"elType":"section"},{"id":"1fdc2c05","settings":{"background_background":"classic","background_image":{"url":"http:\/\/127.0.0.1\/wordpress\/wp-content\/uploads\/2021\/07\/workHeader.png","id":546},"background_position":"center center","background_repeat":"no-repeat","background_size":"cover","background_color":"#00052B","background_overlay_background":"classic","background_overlay_color":"#00052B"},"elements":[{"id":"27805f3b","settings":{"_column_size":100,"_inline_size":null},"elements":[{"id":"420b9b76","settings":[],"elements":[],"isInner":false,"widgetType":"spacer","elType":"widget"},{"id":"71d8d6ab","settings":{"title":"We Work","header_size":"h1","align":"center","title_color":"#FFFFFFF7","typography_typography":"custom","typography_font_family":"Rosarivo","typography_font_size":{"unit":"px","size":59,"sizes":[]},"typography_font_weight":"bold"},"elements":[],"isInner":false,"widgetType":"heading","elType":"widget"},{"id":"20e42c0e","settings":{"editor":"<p>With the best technology partners and top entertainment brands to create an outstanding experience for our consumers.<\/p>","align":"center","text_color":"#FFFFFF","typography_typography":"custom","typography_font_family":"Rosarivo","typography_font_size":{"unit":"px","size":19,"sizes":[]},"typography_font_weight":"400","_padding":{"unit":"%","top":"0","right":"25","bottom":"0","left":"25","isLinked":false}},"elements":[],"isInner":false,"widgetType":"text-editor","elType":"widget"},{"id":"50f36072","settings":[],"elements":[],"isInner":false,"widgetType":"spacer","elType":"widget"}],"isInner":false,"elType":"column"}],"isInner":false,"elType":"section"},{"id":"6140c3cd","settings":{"background_background":"classic","background_image":{"url":"http:\/\/127.0.0.1\/wordpress\/wp-content\/uploads\/2021\/07\/Yg2MJl.jpg","id":2124},"background_position":"center right","background_attachment":"fixed","background_overlay_background":"classic","background_overlay_color":"#00052B"},"elements":[{"id":"61a578a9","settings":{"_column_size":100,"_inline_size":null},"elements":[{"id":"3ab591","settings":{"text":"Divider","color":"#FFFFFF"},"elements":[],"isInner":false,"widgetType":"divider","elType":"widget"},{"id":"2117fed3","settings":{"image":{"url":"http:\/\/127.0.0.1\/wordpress\/wp-content\/uploads\/2021\/07\/About_Work.jpg","id":547},"image_size":"medium_large","align":"center","width":{"unit":"%","size":100,"sizes":[]},"height":{"unit":"px","size":189,"sizes":[]}},"elements":[],"isInner":false,"widgetType":"image","elType":"widget"},{"id":"419cbaab","settings":{"text":"Divider","color":"#FFFFFF"},"elements":[],"isInner":false,"widgetType":"divider","elType":"widget"}],"isInner":false,"elType":"column"}],"isInner":false,"elType":"section"}],"settings":[]}