{"content":[{"id":"6cf0b19","settings":{"background_background":"classic","background_color":"#00052B","background_image":{"url":"http:\/\/127.0.0.1\/wordpress\/wp-content\/uploads\/2021\/07\/pattern1.jpg","id":1760},"background_position":"bottom right","background_attachment":"fixed","background_overlay_background":"classic","background_overlay_color":"#00052B"},"elements":[{"id":"10b69de","settings":{"_column_size":100,"_inline_size":null},"elements":[{"id":"21fad003","settings":[],"elements":[],"isInner":false,"widgetType":"spacer","elType":"widget"}],"isInner":false,"elType":"column"}],"isInner":false,"elType":"section"},{"id":"409c9cb7","settings":{"background_background":"classic","background_color":"#00052B","background_image":{"url":"http:\/\/127.0.0.1\/wordpress\/wp-content\/uploads\/2021\/07\/Yg2MJl.jpg","id":2124},"background_overlay_background":"classic","background_overlay_color":"#00052B"},"elements":[{"id":"5c5299ce","settings":{"_column_size":100,"_inline_size":null},"elements":[{"id":"28274f99","settings":{"animation_type":"clip","marker":"underline","before_text":" ","highlighted_text":"HEADSETS","rotating_text":"Better\nBigger\nFaster","stroke_width":{"unit":"px","size":6,"sizes":[]},"above_content":"yes","title_color":"#FFFFFF","title_typography_typography":"custom","title_typography_font_size":{"unit":"px","size":41,"sizes":[]},"words_color":"#FFFFFF","words_typography_typography":"custom","words_typography_font_family":"Rosarivo","words_typography_font_weight":"bold","words_typography_text_transform":"capitalize","words_typography_font_style":"italic","__globals__":{"marker_color":"globals\/colors?id=secondary"}},"elements":[],"isInner":false,"widgetType":"animated-headline","elType":"widget"},{"id":"15249a39","settings":{"woolentor_product_grid_column":"3","woolentor_product_grid_products_count":6,"woolentor_product_grid_categories":["gaming-headsets"],"product_border_radius":{"unit":"px","top":"0","right":"0","bottom":"0","left":"0","isLinked":true},"product_image_padding":{"unit":"px","top":"0","right":"0","bottom":"0","left":"40","isLinked":false},"product_image_bg_color":"#000000","product_content_padding":{"unit":"px","top":"15","right":"15","bottom":"15","left":"15","isLinked":true},"product_content_bg_color":"#000000","alignprice":"center","custom_order":"","order":"ASC","producttab":"","proslider":"yes","woolentor_product_grid_product_filter":"best_selling","slitems":3,"aligntitle":"center","typography_typography":"custom","typography_font_size":{"unit":"px","size":15,"sizes":[]},"title_color":"#FFFFFF","price_color":"#FFFFFF","pricetypography_typography":"custom","pricetypography_font_size":{"unit":"px","size":17,"sizes":[]},"action_button_color":"#000000","action_button_bg_color":"#FFFFFF","action_button_hover_color":"#FFFFFF","action_button_hover_bg_color":"#000000","button_color":"#000000","button_hover_color":"#FFFFFF","button_hover_bg_color":"#000000"},"elements":[],"isInner":false,"widgetType":"woolentor-product-tab","elType":"widget"}],"isInner":false,"elType":"column"}],"isInner":false,"elType":"section"},{"id":"1534c61c","settings":{"background_background":"classic","background_color":"#00052B","background_image":{"url":"http:\/\/127.0.0.1\/wordpress\/wp-content\/uploads\/2021\/07\/pattern1.jpg","id":1760},"background_position":"bottom right","background_attachment":"fixed","background_overlay_background":"classic","background_overlay_color":"#00052B"},"elements":[{"id":"4c2bea83","settings":{"_column_size":100,"_inline_size":null},"elements":[{"id":"632df01b","settings":[],"elements":[],"isInner":false,"widgetType":"spacer","elType":"widget"}],"isInner":false,"elType":"column"}],"isInner":false,"elType":"section"},{"id":"3162c9a0","settings":{"background_background":"classic","background_color":"#00052B","background_image":{"url":"http:\/\/127.0.0.1\/wordpress\/wp-content\/uploads\/2021\/07\/Yg2MJl.jpg","id":2124},"background_overlay_background":"classic","background_overlay_color":"#00052B"},"elements":[{"id":"6510c2e4","settings":{"_column_size":100,"_inline_size":null},"elements":[{"id":"1c420de7","settings":{"animation_type":"clip","marker":"underline","before_text":" ","highlighted_text":"GAMING MICE","rotating_text":"Better\nBigger\nFaster","stroke_width":{"unit":"px","size":6,"sizes":[]},"above_content":"yes","title_color":"#FFFFFF","title_typography_typography":"custom","title_typography_font_size":{"unit":"px","size":41,"sizes":[]},"words_color":"#FFFFFF","words_typography_typography":"custom","words_typography_font_family":"Rosarivo","words_typography_font_weight":"bold","words_typography_text_transform":"capitalize","words_typography_font_style":"italic","__globals__":{"marker_color":"globals\/colors?id=secondary"}},"elements":[],"isInner":false,"widgetType":"animated-headline","elType":"widget"},{"id":"79bfdc45","settings":{"woolentor_product_grid_column":"3","woolentor_product_grid_products_count":6,"woolentor_product_grid_categories":["gaming-mice"],"product_border_radius":{"unit":"px","top":"0","right":"0","bottom":"0","left":"0","isLinked":true},"product_image_padding":{"unit":"px","top":"0","right":"0","bottom":"0","left":"40","isLinked":false},"product_image_bg_color":"#000000","product_content_padding":{"unit":"px","top":"15","right":"15","bottom":"15","left":"15","isLinked":true},"product_content_bg_color":"#000000","alignprice":"center","custom_order":"","order":"ASC","producttab":"","proslider":"yes","woolentor_product_grid_product_filter":"best_selling","slitems":3,"aligntitle":"center","typography_typography":"custom","typography_font_size":{"unit":"px","size":15,"sizes":[]},"title_color":"#FFFFFF","price_color":"#FFFFFF","pricetypography_typography":"custom","pricetypography_font_size":{"unit":"px","size":17,"sizes":[]},"action_button_color":"#000000","action_button_hover_color":"#FFFFFF","action_button_hover_bg_color":"#000000","button_color":"#000000","button_hover_color":"#FFFFFF","button_hover_bg_color":"#000000"},"elements":[],"isInner":false,"widgetType":"woolentor-product-tab","elType":"widget"}],"isInner":false,"elType":"column"}],"isInner":false,"elType":"section"},{"id":"c250ba","settings":{"background_background":"classic","background_color":"#00052B","background_image":{"url":"http:\/\/127.0.0.1\/wordpress\/wp-content\/uploads\/2021\/07\/pattern1.jpg","id":1760},"background_position":"bottom right","background_attachment":"fixed","background_overlay_background":"classic","background_overlay_color":"#00052B"},"elements":[{"id":"3d65d103","settings":{"_column_size":100,"_inline_size":null},"elements":[{"id":"3b1a6e77","settings":[],"elements":[],"isInner":false,"widgetType":"spacer","elType":"widget"}],"isInner":false,"elType":"column"}],"isInner":false,"elType":"section"},{"id":"5f67a658","settings":{"background_background":"classic","background_color":"#00052B","background_image":{"url":"http:\/\/127.0.0.1\/wordpress\/wp-content\/uploads\/2021\/07\/Yg2MJl.jpg","id":2124},"background_overlay_background":"classic","background_overlay_color":"#00052B"},"elements":[{"id":"1e00a8c6","settings":{"_column_size":100,"_inline_size":null},"elements":[{"id":"63e0602e","settings":{"animation_type":"clip","marker":"underline","before_text":" ","highlighted_text":"GAMING CONTROLLERS","rotating_text":"Better\nBigger\nFaster","stroke_width":{"unit":"px","size":6,"sizes":[]},"above_content":"yes","title_color":"#FFFFFF","title_typography_typography":"custom","title_typography_font_size":{"unit":"px","size":41,"sizes":[]},"words_color":"#FFFFFF","words_typography_typography":"custom","words_typography_font_family":"Rosarivo","words_typography_font_weight":"bold","words_typography_text_transform":"capitalize","words_typography_font_style":"italic","__globals__":{"marker_color":"globals\/colors?id=secondary"}},"elements":[],"isInner":false,"widgetType":"animated-headline","elType":"widget"},{"id":"4e85130a","settings":{"woolentor_product_grid_column":"3","woolentor_product_grid_products_count":6,"woolentor_product_grid_categories":["controllers"],"product_border_radius":{"unit":"px","top":"0","right":"0","bottom":"0","left":"0","isLinked":true},"product_image_padding":{"unit":"px","top":"0","right":"0","bottom":"0","left":"40","isLinked":false},"product_image_bg_color":"#000000","product_content_padding":{"unit":"px","top":"15","right":"15","bottom":"15","left":"15","isLinked":true},"product_content_bg_color":"#000000","alignprice":"center","custom_order":"","order":"ASC","producttab":"","proslider":"yes","woolentor_product_grid_product_filter":"best_selling","slitems":3,"button_padding":{"unit":"px","top":"0","right":"0","bottom":"0","left":"0","isLinked":false},"aligntitle":"center","typography_typography":"custom","typography_font_size":{"unit":"px","size":15,"sizes":[]},"title_color":"#FFFFFF","price_color":"#FFFFFF","pricetypography_typography":"custom","pricetypography_font_size":{"unit":"px","size":17,"sizes":[]},"action_button_color":"#020202","action_button_bg_color":"#FFFFFF","action_button_hover_color":"#FFFFFF","action_button_hover_bg_color":"#000000","button_color":"#000000","button_hover_color":"#FFFFFF","button_hover_bg_color":"#000000"},"elements":[],"isInner":false,"widgetType":"woolentor-product-tab","elType":"widget"}],"isInner":false,"elType":"column"}],"isInner":false,"elType":"section"},{"id":"6509601e","settings":{"background_background":"classic","background_color":"#00052B","background_image":{"url":"http:\/\/127.0.0.1\/wordpress\/wp-content\/uploads\/2021\/07\/pattern1.jpg","id":1760},"background_position":"bottom right","background_attachment":"fixed","background_overlay_background":"classic","background_overlay_color":"#00052B"},"elements":[{"id":"1a2ff21b","settings":{"_column_size":100,"_inline_size":null},"elements":[{"id":"72554edf","settings":[],"elements":[],"isInner":false,"widgetType":"spacer","elType":"widget"}],"isInner":false,"elType":"column"}],"isInner":false,"elType":"section"},{"id":"375d2955","settings":{"background_background":"classic","background_color":"#00052B","background_image":{"url":"http:\/\/127.0.0.1\/wordpress\/wp-content\/uploads\/2021\/07\/Yg2MJl.jpg","id":2124},"background_overlay_background":"classic","background_overlay_color":"#00052B"},"elements":[{"id":"2116fbc3","settings":{"_column_size":100,"_inline_size":null},"elements":[{"id":"145441e6","settings":{"animation_type":"clip","marker":"underline","before_text":" ","highlighted_text":"GAMING CHAIRS","rotating_text":"Better\nBigger\nFaster","stroke_width":{"unit":"px","size":6,"sizes":[]},"above_content":"yes","title_color":"#FFFFFF","title_typography_typography":"custom","title_typography_font_size":{"unit":"px","size":41,"sizes":[]},"words_color":"#FFFFFF","words_typography_typography":"custom","words_typography_font_family":"Rosarivo","words_typography_font_weight":"bold","words_typography_text_transform":"capitalize","words_typography_font_style":"italic","__globals__":{"marker_color":"globals\/colors?id=secondary"}},"elements":[],"isInner":false,"widgetType":"animated-headline","elType":"widget"},{"id":"7ce5d0de","settings":{"woolentor_product_grid_column":"3","woolentor_product_grid_products_count":6,"woolentor_product_grid_categories":["gaming-chairs"],"product_border_radius":{"unit":"px","top":"0","right":"0","bottom":"0","left":"0","isLinked":true},"product_image_padding":{"unit":"px","top":"0","right":"0","bottom":"0","left":"40","isLinked":false},"product_image_bg_color":"#000000","product_content_padding":{"unit":"px","top":"15","right":"15","bottom":"15","left":"15","isLinked":true},"product_content_bg_color":"#000000","alignprice":"center","custom_order":"","order":"ASC","producttab":"","proslider":"yes","woolentor_product_grid_product_filter":"best_selling","slitems":3,"aligntitle":"center","typography_typography":"custom","typography_font_size":{"unit":"px","size":15,"sizes":[]},"title_color":"#FFFFFF","price_color":"#FFFFFF","pricetypography_typography":"custom","pricetypography_font_size":{"unit":"px","size":17,"sizes":[]},"action_button_color":"#000000","action_button_bg_color":"#FFFFFF","action_button_hover_color":"#FFFFFF","action_button_hover_bg_color":"#000000","button_color":"#000000","button_hover_color":"#FFFFFF","button_hover_bg_color":"#000000"},"elements":[],"isInner":false,"widgetType":"woolentor-product-tab","elType":"widget"}],"isInner":false,"elType":"column"}],"isInner":false,"elType":"section"},{"id":"72f340d2","settings":{"background_background":"classic","background_color":"#00052B","background_image":{"url":"http:\/\/127.0.0.1\/wordpress\/wp-content\/uploads\/2021\/07\/pattern1.jpg","id":1760},"background_position":"bottom right","background_attachment":"fixed","background_overlay_background":"classic","background_overlay_color":"#00052B"},"elements":[{"id":"2466343e","settings":{"_column_size":100,"_inline_size":null},"elements":[{"id":"7749a2a5","settings":[],"elements":[],"isInner":false,"widgetType":"spacer","elType":"widget"}],"isInner":false,"elType":"column"}],"isInner":false,"elType":"section"},{"id":"5d76734e","settings":{"background_background":"classic","background_color":"#00052B","background_image":{"url":"http:\/\/127.0.0.1\/wordpress\/wp-content\/uploads\/2021\/07\/Yg2MJl.jpg","id":2124},"background_overlay_background":"classic","background_overlay_color":"#00052B"},"elements":[{"id":"225428ac","settings":{"_column_size":100,"_inline_size":null},"elements":[{"id":"240afd27","settings":{"animation_type":"clip","marker":"underline","before_text":" ","highlighted_text":"GAMING TITLES","rotating_text":"Better\nBigger\nFaster","stroke_width":{"unit":"px","size":6,"sizes":[]},"above_content":"yes","title_color":"#FFFFFF","title_typography_typography":"custom","title_typography_font_size":{"unit":"px","size":41,"sizes":[]},"words_color":"#FFFFFF","words_typography_typography":"custom","words_typography_font_family":"Rosarivo","words_typography_font_weight":"bold","words_typography_text_transform":"capitalize","words_typography_font_style":"italic","__globals__":{"marker_color":"globals\/colors?id=secondary"}},"elements":[],"isInner":false,"widgetType":"animated-headline","elType":"widget"},{"id":"755cbeb9","settings":{"woolentor_product_grid_column":"3","woolentor_product_grid_products_count":6,"woolentor_product_grid_categories":["gaming-titles"],"product_border_radius":{"unit":"px","top":"0","right":"0","bottom":"0","left":"0","isLinked":true},"product_image_padding":{"unit":"px","top":"0","right":"0","bottom":"0","left":"40","isLinked":false},"product_image_bg_color":"#000000","product_content_padding":{"unit":"px","top":"15","right":"15","bottom":"15","left":"15","isLinked":true},"product_content_bg_color":"#000000","alignprice":"center","custom_order":"","order":"ASC","producttab":"","proslider":"yes","woolentor_product_grid_product_filter":"best_selling","slitems":3,"aligntitle":"center","typography_typography":"custom","typography_font_size":{"unit":"px","size":15,"sizes":[]},"title_color":"#FFFFFF","price_color":"#FFFFFF","pricetypography_typography":"custom","pricetypography_font_size":{"unit":"px","size":17,"sizes":[]},"action_button_color":"#000000","action_button_bg_color":"#FFFFFF","action_button_hover_color":"#FFFFFF","action_button_hover_bg_color":"#000000","button_color":"#000000","button_hover_color":"#FFFFFF","button_hover_bg_color":"#000000"},"elements":[],"isInner":false,"widgetType":"woolentor-product-tab","elType":"widget"}],"isInner":false,"elType":"column"}],"isInner":false,"elType":"section"},{"id":"32d4631","settings":[],"elements":[{"id":"6941f3c9","settings":{"_column_size":100,"_inline_size":null},"elements":[],"isInner":false,"elType":"column"}],"isInner":false,"elType":"section"}],"settings":[]}