{"content":[{"id":"744f2e98","settings":[],"elements":[{"id":"6c7ff32","settings":{"_column_size":100,"_inline_size":null},"elements":[{"id":"4431f94a","settings":{"text_color":"#000000","link_color":"#090909","text_typography_typography":"custom","text_typography_font_family":"Rosarivo","text_typography_font_size":{"unit":"px","size":20,"sizes":[]},"text_typography_font_style":"italic"},"elements":[],"isInner":false,"widgetType":"woocommerce-breadcrumb","elType":"widget"}],"isInner":false,"elType":"column"}],"isInner":false,"elType":"section"},{"id":"1f0167a8","settings":{"background_background":"classic","background_color":"#00052B","background_image":{"url":"http:\/\/127.0.0.1\/wordpress\/wp-content\/uploads\/2021\/07\/Yg2MJl.jpg","id":2124},"background_position":"bottom right","background_attachment":"fixed","background_overlay_background":"classic","background_overlay_color":"#00052B"},"elements":[{"id":"49a798b7","settings":{"_column_size":100},"elements":[{"id":"573b46b6","settings":{"editor":"<!-- wp:shortcode -->[woocommerce_cart]<!-- \/wp:shortcode -->","column_gap":{"unit":"px","size":39,"sizes":[]},"align":"center","text_color":"#F2F1F1"},"elements":[],"isInner":false,"widgetType":"text-editor","elType":"widget"}],"isInner":false,"elType":"column"}],"isInner":false,"elType":"section"}],"settings":[]}